transportador_codigo;tabela_nome;validade_inicio;validade_fim;cidade_ibge;prazo_adicional
001;KAMER - ;01/03/2022;31/12/2099;2901304;0
001;KAMER - ;01/03/2022;31/12/2099;2901205;0
001;KAMER - ;01/03/2022;31/12/2099;2901155;0
001;KAMER - ;01/03/2022;31/12/2099;2901106;0
001;KAMER - ;01/03/2022;31/12/2099;2901007;0
001;KAMER - ;01/03/2022;31/12/2099;2900900;0
001;KAMER - ;01/03/2022;31/12/2099;2900801;0
001;KAMER - ;01/03/2022;31/12/2099;2900702;0
001;KAMER - ;01/03/2022;31/12/2099;2900603;0
001;KAMER - ;01/03/2022;31/12/2099;2900405;0
001;KAMER - ;01/03/2022;31/12/2099;2900355;0
001;KAMER - ;01/03/2022;31/12/2099;2900306;0
001;KAMER - ;01/03/2022;31/12/2099;2900207;0
001;KAMER - ;01/03/2022;31/12/2099;2900108;0
001;KAMER - BA 2;01/03/2022;31/12/2099;2919553;14
001;KAMER - BA 2;01/03/2022;31/12/2099;2903201;14
001;KAMER - BA 1;01/03/2022;31/12/2099;2927408;9
001;KAMER - BA;01/03/2022;31/12/2099;1200203;11
001;KAMER - AC 2;01/03/2022;31/12/2099;1200708;17
001;KAMER - AC 2;01/03/2022;31/12/2099;1200609;17
001;KAMER - AC 2;01/03/2022;31/12/2099;1200450;17
001;KAMER - AC 2;01/03/2022;31/12/2099;1200500;17
001;KAMER - AC 2;01/03/2022;31/12/2099;1200435;17
001;KAMER - AC 2;01/03/2022;31/12/2099;1200427;17
001;KAMER - AC 2;01/03/2022;31/12/2099;1200393;17
001;KAMER - AC 2;01/03/2022;31/12/2099;1200807;17
001;KAMER - AC 2;01/03/2022;31/12/2099;1200385;17
001;KAMER - AC 2;01/03/2022;31/12/2099;1200351;17
001;KAMER - AC 2;01/03/2022;31/12/2099;1200344;17
001;KAMER - AC 2;01/03/2022;31/12/2099;1200336;17
001;KAMER - AC 2;01/03/2022;31/12/2099;1200328;17
001;KAMER - AC 2;01/03/2022;31/12/2099;1200302;17
001;KAMER - AC 2;01/03/2022;31/12/2099;1200252;17
001;KAMER - AC 2;01/03/2022;31/12/2099;1200179;17
001;KAMER - AC 2;01/03/2022;31/12/2099;1200138;17
001;KAMER - AC 2;01/03/2022;31/12/2099;1200104;17
001;KAMER - AC 2;01/03/2022;31/12/2099;1200054;17
001;KAMER - AC 2;01/03/2022;31/12/2099;1200013;17
001;KAMER - AC 1;01/03/2022;31/12/2099;1200401;16
001;KAMER - AC;01/03/2022;31/12/2099;2906105;13
001;KAMER - AC;01/03/2022;31/12/2099;2906006;13
001;KAMER - AC;01/03/2022;31/12/2099;2905909;13
001;KAMER - AC;01/03/2022;31/12/2099;2905800;13
001;KAMER - AC;01/03/2022;31/12/2099;2905701;13
001;KAMER - AC;01/03/2022;31/12/2099;2905602;13
001;KAMER - AC;01/03/2022;31/12/2099;2905503;13
001;KAMER - AC;01/03/2022;31/12/2099;2905404;13
001;KAMER - AC;01/03/2022;31/12/2099;2905305;13
001;KAMER - AC;01/03/2022;31/12/2099;2905206;13
001;KAMER - AC;01/03/2022;31/12/2099;2905156;13
001;KAMER - AC;01/03/2022;31/12/2099;2905107;13
001;KAMER - AC;01/03/2022;31/12/2099;2905008;13
001;KAMER - AC;01/03/2022;31/12/2099;2904902;13
001;KAMER - AC;01/03/2022;31/12/2099;2904852;13
001;KAMER - AC;01/03/2022;31/12/2099;2904803;13
001;KAMER - AC;01/03/2022;31/12/2099;2904753;13
001;KAMER - AC;01/03/2022;31/12/2099;2904704;13
001;KAMER - AC;01/03/2022;31/12/2099;2904605;13
001;KAMER - AC;01/03/2022;31/12/2099;2904506;13
001;KAMER - AC;01/03/2022;31/12/2099;2904407;13
001;KAMER - AC;01/03/2022;31/12/2099;2904308;13
001;KAMER - AC;01/03/2022;31/12/2099;2904209;13
001;KAMER - AC;01/03/2022;31/12/2099;2904100;13
001;KAMER - AC;01/03/2022;31/12/2099;2904050;13
001;KAMER - AC;01/03/2022;31/12/2099;2904001;13
001;KAMER - AC;01/03/2022;31/12/2099;2903953;13
001;KAMER - AC;01/03/2022;31/12/2099;2903904;13
001;KAMER - AC;01/03/2022;31/12/2099;2903805;13
001;KAMER - AC;01/03/2022;31/12/2099;2903706;13
001;KAMER - AC;01/03/2022;31/12/2099;2903607;13
001;KAMER - AC;01/03/2022;31/12/2099;2903508;13
001;KAMER - AC;01/03/2022;31/12/2099;2903409;13
001;KAMER - AC;01/03/2022;31/12/2099;2903276;13
001;KAMER - AC;01/03/2022;31/12/2099;2903300;13
001;KAMER - AC;01/03/2022;31/12/2099;2903235;13
001;KAMER - AC;01/03/2022;31/12/2099;2903102;13
001;KAMER - AC;01/03/2022;31/12/2099;2903003;13
001;KAMER - AC;01/03/2022;31/12/2099;2902906;13
001;KAMER - AC;01/03/2022;31/12/2099;2902807;13
001;KAMER - AC;01/03/2022;31/12/2099;2902708;13
001;KAMER - AC;01/03/2022;31/12/2099;2902658;13
001;KAMER - AC;01/03/2022;31/12/2099;2902609;13
001;KAMER - AC;01/03/2022;31/12/2099;2902500;13
001;KAMER - AC;01/03/2022;31/12/2099;2902401;13
001;KAMER - AC;01/03/2022;31/12/2099;2902302;13
001;KAMER - AC;01/03/2022;31/12/2099;2902252;13
001;KAMER - AC;01/03/2022;31/12/2099;2902203;13
001;KAMER - AC;01/03/2022;31/12/2099;2902104;13
001;KAMER - AC;01/03/2022;31/12/2099;2902005;13
001;KAMER - AC;01/03/2022;31/12/2099;2902054;13
001;KAMER - AC;01/03/2022;31/12/2099;2901957;13
001;KAMER - AC;01/03/2022;31/12/2099;2901908;13
001;KAMER - AC;01/03/2022;31/12/2099;2901809;13
001;KAMER - AC;01/03/2022;31/12/2099;2901700;13
001;KAMER - AC;01/03/2022;31/12/2099;2901601;13
001;KAMER - AC;01/03/2022;31/12/2099;2901502;13
001;KAMER - AC;01/03/2022;31/12/2099;2901403;13
001;KAMER - AC;01/03/2022;31/12/2099;2901353;13
001;KAMER - AC;01/03/2022;31/12/2099;2910909;13
001;KAMER - AC;01/03/2022;31/12/2099;2910859;13
001;KAMER - AC;01/03/2022;31/12/2099;2910800;13
001;KAMER - AC;01/03/2022;31/12/2099;2910776;13
001;KAMER - AC;01/03/2022;31/12/2099;2910750;13
001;KAMER - AC;01/03/2022;31/12/2099;2910727;13
001;KAMER - AC;01/03/2022;31/12/2099;2910701;13
001;KAMER - AC;01/03/2022;31/12/2099;2910602;13
001;KAMER - AC;01/03/2022;31/12/2099;2900504;13
001;KAMER - AC;01/03/2022;31/12/2099;2910503;13
001;KAMER - AC;01/03/2022;31/12/2099;2910404;13
001;KAMER - AC;01/03/2022;31/12/2099;2910305;13
001;KAMER - AC;01/03/2022;31/12/2099;2910206;13
001;KAMER - AC;01/03/2022;31/12/2099;2910107;13
001;KAMER - AC;01/03/2022;31/12/2099;2910057;13
001;KAMER - AC;01/03/2022;31/12/2099;2910008;13
001;KAMER - AC;01/03/2022;31/12/2099;2909901;13
001;KAMER - AC;01/03/2022;31/12/2099;2909802;13
001;KAMER - AC;01/03/2022;31/12/2099;2909703;13
001;KAMER - AC;01/03/2022;31/12/2099;2909604;13
001;KAMER - AC;01/03/2022;31/12/2099;2909505;13
001;KAMER - AC;01/03/2022;31/12/2099;2909406;13
001;KAMER - AC;01/03/2022;31/12/2099;2909307;13
001;KAMER - AC;01/03/2022;31/12/2099;2909208;13
001;KAMER - AC;01/03/2022;31/12/2099;2909109;13
001;KAMER - AC;01/03/2022;31/12/2099;2909000;13
001;KAMER - AC;01/03/2022;31/12/2099;2908903;13
001;KAMER - AC;01/03/2022;31/12/2099;2908804;13
001;KAMER - AC;01/03/2022;31/12/2099;2908705;13
001;KAMER - AC;01/03/2022;31/12/2099;2908606;13
001;KAMER - AC;01/03/2022;31/12/2099;2908507;13
001;KAMER - AC;01/03/2022;31/12/2099;2908408;13
001;KAMER - AC;01/03/2022;31/12/2099;2908309;13
001;KAMER - AC;01/03/2022;31/12/2099;2908200;13
001;KAMER - AC;01/03/2022;31/12/2099;2908101;13
001;KAMER - AC;01/03/2022;31/12/2099;2908002;13
001;KAMER - AC;01/03/2022;31/12/2099;2907905;13
001;KAMER - AC;01/03/2022;31/12/2099;2907806;13
001;KAMER - AC;01/03/2022;31/12/2099;2907707;13
001;KAMER - AC;01/03/2022;31/12/2099;2907608;13
001;KAMER - AC;01/03/2022;31/12/2099;2907558;13
001;KAMER - AC;01/03/2022;31/12/2099;2907509;13
001;KAMER - AC;01/03/2022;31/12/2099;2907400;13
001;KAMER - AC;01/03/2022;31/12/2099;2907301;13
001;KAMER - AC;01/03/2022;31/12/2099;2907202;13
001;KAMER - AC;01/03/2022;31/12/2099;2907103;13
001;KAMER - AC;01/03/2022;31/12/2099;2907004;13
001;KAMER - AC;01/03/2022;31/12/2099;2906907;13
001;KAMER - AC;01/03/2022;31/12/2099;2906899;13
001;KAMER - AC;01/03/2022;31/12/2099;2906873;13
001;KAMER - AC;01/03/2022;31/12/2099;2906857;13
001;KAMER - AC;01/03/2022;31/12/2099;2906824;13
001;KAMER - AC;01/03/2022;31/12/2099;2906808;13
001;KAMER - AC;01/03/2022;31/12/2099;2906709;13
001;KAMER - AC;01/03/2022;31/12/2099;2906600;13
001;KAMER - AC;01/03/2022;31/12/2099;2906501;13
001;KAMER - AC;01/03/2022;31/12/2099;2906402;13
001;KAMER - AC;01/03/2022;31/12/2099;2906303;13
001;KAMER - AC;01/03/2022;31/12/2099;2906204;13
001;KAMER - AC;01/03/2022;31/12/2099;2916203;13
001;KAMER - AC;01/03/2022;31/12/2099;2916104;13
001;KAMER - AC;01/03/2022;31/12/2099;2916005;13
001;KAMER - AC;01/03/2022;31/12/2099;2915908;13
001;KAMER - AC;01/03/2022;31/12/2099;2915809;13
001;KAMER - AC;01/03/2022;31/12/2099;2915700;13
001;KAMER - AC;01/03/2022;31/12/2099;2915601;13
001;KAMER - AC;01/03/2022;31/12/2099;2915502;13
001;KAMER - AC;01/03/2022;31/12/2099;2915403;13
001;KAMER - AC;01/03/2022;31/12/2099;2915353;13
001;KAMER - AC;01/03/2022;31/12/2099;2915304;13
001;KAMER - AC;01/03/2022;31/12/2099;2915205;13
001;KAMER - AC;01/03/2022;31/12/2099;2915106;13
001;KAMER - AC;01/03/2022;31/12/2099;2915007;13
001;KAMER - AC;01/03/2022;31/12/2099;2914901;13
001;KAMER - AC;01/03/2022;31/12/2099;2914802;13
001;KAMER - AC;01/03/2022;31/12/2099;2914703;13
001;KAMER - AC;01/03/2022;31/12/2099;2914653;13
001;KAMER - AC;01/03/2022;31/12/2099;2914604;13
001;KAMER - AC;01/03/2022;31/12/2099;2914505;13
001;KAMER - AC;01/03/2022;31/12/2099;2914406;13
001;KAMER - AC;01/03/2022;31/12/2099;2914307;13
001;KAMER - AC;01/03/2022;31/12/2099;2914208;13
001;KAMER - AC;01/03/2022;31/12/2099;2914109;13
001;KAMER - AC;01/03/2022;31/12/2099;2914000;13
001;KAMER - AC;01/03/2022;31/12/2099;2913903;13
001;KAMER - AC;01/03/2022;31/12/2099;2913804;13
001;KAMER - AC;01/03/2022;31/12/2099;2913705;13
001;KAMER - AC;01/03/2022;31/12/2099;2913606;13
001;KAMER - AC;01/03/2022;31/12/2099;2913507;13
001;KAMER - AC;01/03/2022;31/12/2099;2913457;13
001;KAMER - AC;01/03/2022;31/12/2099;2913408;13
001;KAMER - AC;01/03/2022;31/12/2099;2913309;13
001;KAMER - AC;01/03/2022;31/12/2099;2913200;13
001;KAMER - AC;01/03/2022;31/12/2099;2913101;13
001;KAMER - AC;01/03/2022;31/12/2099;2913002;13
001;KAMER - AC;01/03/2022;31/12/2099;2912905;13
001;KAMER - AC;01/03/2022;31/12/2099;2912806;13
001;KAMER - AC;01/03/2022;31/12/2099;2912707;13
001;KAMER - AC;01/03/2022;31/12/2099;2912608;13
001;KAMER - AC;01/03/2022;31/12/2099;2912509;13
001;KAMER - AC;01/03/2022;31/12/2099;2912400;13
001;KAMER - AC;01/03/2022;31/12/2099;2912301;13
001;KAMER - AC;01/03/2022;31/12/2099;2912202;13
001;KAMER - AC;01/03/2022;31/12/2099;2912103;13
001;KAMER - AC;01/03/2022;31/12/2099;2912004;13
001;KAMER - AC;01/03/2022;31/12/2099;2911907;13
001;KAMER - AC;01/03/2022;31/12/2099;2911857;13
001;KAMER - AC;01/03/2022;31/12/2099;2911808;13
001;KAMER - AC;01/03/2022;31/12/2099;2911709;13
001;KAMER - AC;01/03/2022;31/12/2099;2911659;13
001;KAMER - AC;01/03/2022;31/12/2099;2911600;13
001;KAMER - AC;01/03/2022;31/12/2099;2911501;13
001;KAMER - AC;01/03/2022;31/12/2099;2911402;13
001;KAMER - AC;01/03/2022;31/12/2099;2911303;13
001;KAMER - AC;01/03/2022;31/12/2099;2911253;13
001;KAMER - AC;01/03/2022;31/12/2099;2911204;13
001;KAMER - AC;01/03/2022;31/12/2099;2911105;13
001;KAMER - AC;01/03/2022;31/12/2099;2911006;13
001;KAMER - AC;01/03/2022;31/12/2099;2920908;13
001;KAMER - AC;01/03/2022;31/12/2099;2920809;13
001;KAMER - AC;01/03/2022;31/12/2099;2920700;13
001;KAMER - AC;01/03/2022;31/12/2099;2920601;13
001;KAMER - AC;01/03/2022;31/12/2099;2920502;13
001;KAMER - AC;01/03/2022;31/12/2099;2920452;13
001;KAMER - AC;01/03/2022;31/12/2099;2920403;13
001;KAMER - AC;01/03/2022;31/12/2099;2920304;13
001;KAMER - AC;01/03/2022;31/12/2099;2920205;13
001;KAMER - AC;01/03/2022;31/12/2099;2920106;13
001;KAMER - AC;01/03/2022;31/12/2099;2920007;13
001;KAMER - AC;01/03/2022;31/12/2099;2919959;13
001;KAMER - AC;01/03/2022;31/12/2099;2919926;13
001;KAMER - AC;01/03/2022;31/12/2099;2919900;13
001;KAMER - AC;01/03/2022;31/12/2099;2919801;13
001;KAMER - AC;01/03/2022;31/12/2099;2919702;13
001;KAMER - AC;01/03/2022;31/12/2099;2919603;13
001;KAMER - AC;01/03/2022;31/12/2099;2919504;13
001;KAMER - AC;01/03/2022;31/12/2099;2919405;13
001;KAMER - AC;01/03/2022;31/12/2099;2919306;13
001;KAMER - AC;01/03/2022;31/12/2099;2919207;13
001;KAMER - AC;01/03/2022;31/12/2099;2919157;13
001;KAMER - AC;01/03/2022;31/12/2099;2919108;13
001;KAMER - AC;01/03/2022;31/12/2099;2919058;13
001;KAMER - AC;01/03/2022;31/12/2099;2919009;13
001;KAMER - AC;01/03/2022;31/12/2099;2918902;13
001;KAMER - AC;01/03/2022;31/12/2099;2918803;13
001;KAMER - AC;01/03/2022;31/12/2099;2918753;13
001;KAMER - AC;01/03/2022;31/12/2099;2918704;13
001;KAMER - AC;01/03/2022;31/12/2099;2918605;13
001;KAMER - AC;01/03/2022;31/12/2099;2918555;13
001;KAMER - AC;01/03/2022;31/12/2099;2918506;13
001;KAMER - AC;01/03/2022;31/12/2099;2918456;13
001;KAMER - AC;01/03/2022;31/12/2099;2918407;13
001;KAMER - AC;01/03/2022;31/12/2099;2918357;13
001;KAMER - AC;01/03/2022;31/12/2099;2918308;13
001;KAMER - AC;01/03/2022;31/12/2099;2918100;13
001;KAMER - AC;01/03/2022;31/12/2099;2918001;13
001;KAMER - AC;01/03/2022;31/12/2099;2917904;13
001;KAMER - AC;01/03/2022;31/12/2099;2917805;13
001;KAMER - AC;01/03/2022;31/12/2099;2917706;13
001;KAMER - AC;01/03/2022;31/12/2099;2917607;13
001;KAMER - AC;01/03/2022;31/12/2099;2917508;13
001;KAMER - AC;01/03/2022;31/12/2099;2917409;13
001;KAMER - AC;01/03/2022;31/12/2099;2917359;13
001;KAMER - AC;01/03/2022;31/12/2099;2917334;13
001;KAMER - AC;01/03/2022;31/12/2099;2917300;13
001;KAMER - AC;01/03/2022;31/12/2099;2917201;13
001;KAMER - AC;01/03/2022;31/12/2099;2917102;13
001;KAMER - AC;01/03/2022;31/12/2099;2917003;13
001;KAMER - AC;01/03/2022;31/12/2099;2916906;13
001;KAMER - AC;01/03/2022;31/12/2099;2916856;13
001;KAMER - AC;01/03/2022;31/12/2099;2916807;13
001;KAMER - AC;01/03/2022;31/12/2099;2916708;13
001;KAMER - AC;01/03/2022;31/12/2099;2916609;13
001;KAMER - AC;01/03/2022;31/12/2099;2916500;13
001;KAMER - AC;01/03/2022;31/12/2099;2916401;13
001;KAMER - AC;01/03/2022;31/12/2099;2916302;13
001;KAMER - AC;01/03/2022;31/12/2099;2925303;13
001;KAMER - AC;01/03/2022;31/12/2099;2925253;13
001;KAMER - AC;01/03/2022;31/12/2099;2925204;13
001;KAMER - AC;01/03/2022;31/12/2099;2925105;13
001;KAMER - AC;01/03/2022;31/12/2099;2925006;13
001;KAMER - AC;01/03/2022;31/12/2099;2924900;13
001;KAMER - AC;01/03/2022;31/12/2099;2924801;13
001;KAMER - AC;01/03/2022;31/12/2099;2924702;13
001;KAMER - AC;01/03/2022;31/12/2099;2924678;13
001;KAMER - AC;01/03/2022;31/12/2099;2924652;13
001;KAMER - AC;01/03/2022;31/12/2099;2924603;13
001;KAMER - AC;01/03/2022;31/12/2099;2924504;13
001;KAMER - AC;01/03/2022;31/12/2099;2924405;13
001;KAMER - AC;01/03/2022;31/12/2099;2924306;13
001;KAMER - AC;01/03/2022;31/12/2099;2924207;13
001;KAMER - AC;01/03/2022;31/12/2099;2924108;13
001;KAMER - AC;01/03/2022;31/12/2099;2924058;13
001;KAMER - AC;01/03/2022;31/12/2099;2924009;13
001;KAMER - AC;01/03/2022;31/12/2099;2923902;13
001;KAMER - AC;01/03/2022;31/12/2099;2923803;13
001;KAMER - AC;01/03/2022;31/12/2099;2923704;13
001;KAMER - AC;01/03/2022;31/12/2099;2923605;13
001;KAMER - AC;01/03/2022;31/12/2099;2923506;13
001;KAMER - AC;01/03/2022;31/12/2099;2923407;13
001;KAMER - AC;01/03/2022;31/12/2099;2923357;13
001;KAMER - AC;01/03/2022;31/12/2099;2923308;13
001;KAMER - AC;01/03/2022;31/12/2099;2923209;13
001;KAMER - AC;01/03/2022;31/12/2099;2923100;13
001;KAMER - AC;01/03/2022;31/12/2099;2923050;13
001;KAMER - AC;01/03/2022;31/12/2099;2923035;13
001;KAMER - AC;01/03/2022;31/12/2099;2923001;13
001;KAMER - AC;01/03/2022;31/12/2099;2922904;13
001;KAMER - AC;01/03/2022;31/12/2099;2922854;13
001;KAMER - AC;01/03/2022;31/12/2099;2922805;13
001;KAMER - AC;01/03/2022;31/12/2099;2922755;13
001;KAMER - AC;01/03/2022;31/12/2099;2922730;13
001;KAMER - AC;01/03/2022;31/12/2099;2922706;13
001;KAMER - AC;01/03/2022;31/12/2099;2922656;13
001;KAMER - AC;01/03/2022;31/12/2099;2922607;13
001;KAMER - AC;01/03/2022;31/12/2099;2922508;13
001;KAMER - AC;01/03/2022;31/12/2099;2922409;13
001;KAMER - AC;01/03/2022;31/12/2099;2922300;13
001;KAMER - AC;01/03/2022;31/12/2099;2922201;13
001;KAMER - AC;01/03/2022;31/12/2099;2922102;13
001;KAMER - AC;01/03/2022;31/12/2099;2922052;13
001;KAMER - AC;01/03/2022;31/12/2099;2922003;13
001;KAMER - AC;01/03/2022;31/12/2099;2921906;13
001;KAMER - AC;01/03/2022;31/12/2099;2921807;13
001;KAMER - AC;01/03/2022;31/12/2099;2921708;13
001;KAMER - AC;01/03/2022;31/12/2099;2921609;13
001;KAMER - AC;01/03/2022;31/12/2099;2921500;13
001;KAMER - AC;01/03/2022;31/12/2099;2921450;13
001;KAMER - AC;01/03/2022;31/12/2099;2921401;13
001;KAMER - AC;01/03/2022;31/12/2099;2921302;13
001;KAMER - AC;01/03/2022;31/12/2099;2921203;13
001;KAMER - AC;01/03/2022;31/12/2099;2921104;13
001;KAMER - AC;01/03/2022;31/12/2099;2921054;13
001;KAMER - AC;01/03/2022;31/12/2099;2921005;13
001;KAMER - AC;01/03/2022;31/12/2099;2930204;13
001;KAMER - AC;01/03/2022;31/12/2099;2930105;13
001;KAMER - AC;01/03/2022;31/12/2099;2930006;13
001;KAMER - AC;01/03/2022;31/12/2099;2929909;13
001;KAMER - AC;01/03/2022;31/12/2099;2929800;13
001;KAMER - AC;01/03/2022;31/12/2099;2929750;13
001;KAMER - AC;01/03/2022;31/12/2099;2929701;13
001;KAMER - AC;01/03/2022;31/12/2099;2929602;13
001;KAMER - AC;01/03/2022;31/12/2099;2929503;13
001;KAMER - AC;01/03/2022;31/12/2099;2929404;13
001;KAMER - AC;01/03/2022;31/12/2099;2929370;13
001;KAMER - AC;01/03/2022;31/12/2099;2929354;13
001;KAMER - AC;01/03/2022;31/12/2099;2929305;13
001;KAMER - AC;01/03/2022;31/12/2099;2929255;13
001;KAMER - AC;01/03/2022;31/12/2099;2929206;13
001;KAMER - AC;01/03/2022;31/12/2099;2929057;13
001;KAMER - AC;01/03/2022;31/12/2099;2929008;13
001;KAMER - AC;01/03/2022;31/12/2099;2929107;13
001;KAMER - AC;01/03/2022;31/12/2099;2928950;13
001;KAMER - AC;01/03/2022;31/12/2099;2928901;13
001;KAMER - AC;01/03/2022;31/12/2099;2928802;13
001;KAMER - AC;01/03/2022;31/12/2099;2928703;13
001;KAMER - AC;01/03/2022;31/12/2099;2928604;13
001;KAMER - AC;01/03/2022;31/12/2099;2928307;13
001;KAMER - AC;01/03/2022;31/12/2099;2928208;13
001;KAMER - AC;01/03/2022;31/12/2099;2928000;13
001;KAMER - AC;01/03/2022;31/12/2099;2928505;13
001;KAMER - AC;01/03/2022;31/12/2099;2928406;13
001;KAMER - AC;01/03/2022;31/12/2099;2928109;13
001;KAMER - AC;01/03/2022;31/12/2099;2928059;13
001;KAMER - AC;01/03/2022;31/12/2099;2927903;13
001;KAMER - AC;01/03/2022;31/12/2099;2927804;13
001;KAMER - AC;01/03/2022;31/12/2099;2927705;13
001;KAMER - AC;01/03/2022;31/12/2099;2927606;13
001;KAMER - AC;01/03/2022;31/12/2099;2927507;13
001;KAMER - AC;01/03/2022;31/12/2099;2927309;13
001;KAMER - AC;01/03/2022;31/12/2099;2927200;13
001;KAMER - AC;01/03/2022;31/12/2099;2927101;13
001;KAMER - AC;01/03/2022;31/12/2099;2927002;13
001;KAMER - AC;01/03/2022;31/12/2099;2926905;13
001;KAMER - AC;01/03/2022;31/12/2099;2926806;13
001;KAMER - AC;01/03/2022;31/12/2099;2926707;13
001;KAMER - AC;01/03/2022;31/12/2099;2926657;13
001;KAMER - AC;01/03/2022;31/12/2099;2926608;13
001;KAMER - AC;01/03/2022;31/12/2099;2926509;13
001;KAMER - AC;01/03/2022;31/12/2099;2926400;13
001;KAMER - AC;01/03/2022;31/12/2099;2926301;13
001;KAMER - AC;01/03/2022;31/12/2099;2926202;13
001;KAMER - AC;01/03/2022;31/12/2099;2926103;13
001;KAMER - AC;01/03/2022;31/12/2099;2926004;13
001;KAMER - AC;01/03/2022;31/12/2099;2925956;13
001;KAMER - AC;01/03/2022;31/12/2099;2925931;13
001;KAMER - AC;01/03/2022;31/12/2099;2925907;13
001;KAMER - AC;01/03/2022;31/12/2099;2925808;13
001;KAMER - AC;01/03/2022;31/12/2099;2925758;13
001;KAMER - AC;01/03/2022;31/12/2099;2925709;13
001;KAMER - AC;01/03/2022;31/12/2099;2925600;13
001;KAMER - AC;01/03/2022;31/12/2099;2925501;13
001;KAMER - AC;01/03/2022;31/12/2099;2925402;13
001;KAMER - AC;01/03/2022;31/12/2099;5300108;19
001;KAMER - DF02;01/03/2022;31/12/2099;5300108;6
001;KAMER - DF02;01/03/2022;31/12/2099;5300108;6
001;KAMER - DF02;01/03/2022;31/12/2099;5300108;6
001;KAMER - DF02;01/03/2022;31/12/2099;5300108;6
001;KAMER - DF02;01/03/2022;31/12/2099;5300108;6
001;KAMER - DF01;01/03/2022;31/12/2099;2933604;6
001;KAMER - DF01;01/03/2022;31/12/2099;2933505;6
001;KAMER - DF01;01/03/2022;31/12/2099;2933455;6
001;KAMER - DF01;01/03/2022;31/12/2099;2933406;6
001;KAMER - DF01;01/03/2022;31/12/2099;2933307;6
001;KAMER - DF01;01/03/2022;31/12/2099;2933257;6
001;KAMER - DF01;01/03/2022;31/12/2099;2933208;6
001;KAMER - DF01;01/03/2022;31/12/2099;2933174;6
001;KAMER - DF01;01/03/2022;31/12/2099;2933158;6
001;KAMER - DF01;01/03/2022;31/12/2099;2933109;6
001;KAMER - DF01;01/03/2022;31/12/2099;2933059;6
001;KAMER - DF01;01/03/2022;31/12/2099;2933000;6
001;KAMER - DF01;01/03/2022;31/12/2099;2932903;6
001;KAMER - DF01;01/03/2022;31/12/2099;2932804;6
001;KAMER - DF01;01/03/2022;31/12/2099;2932705;6
001;KAMER - DF01;01/03/2022;31/12/2099;2932606;6
001;KAMER - DF01;01/03/2022;31/12/2099;2932507;6
001;KAMER - DF01;01/03/2022;31/12/2099;2932457;6
001;KAMER - DF01;01/03/2022;31/12/2099;2932408;6
001;KAMER - DF01;01/03/2022;31/12/2099;2932309;6
001;KAMER - DF01;01/03/2022;31/12/2099;2932200;6
001;KAMER - DF01;01/03/2022;31/12/2099;2932101;6
001;KAMER - DF01;01/03/2022;31/12/2099;2932002;6
001;KAMER - DF01;01/03/2022;31/12/2099;2931905;6
001;KAMER - DF01;01/03/2022;31/12/2099;2931806;6
001;KAMER - DF01;01/03/2022;31/12/2099;2931707;6
001;KAMER - DF01;01/03/2022;31/12/2099;2931608;6
001;KAMER - DF01;01/03/2022;31/12/2099;2931509;6
001;KAMER - DF01;01/03/2022;31/12/2099;2931400;6
001;KAMER - DF01;01/03/2022;31/12/2099;2931350;6
001;KAMER - DF01;01/03/2022;31/12/2099;2931301;6
001;KAMER - DF01;01/03/2022;31/12/2099;2931202;6
001;KAMER - DF01;01/03/2022;31/12/2099;2931103;6
001;KAMER - DF01;01/03/2022;31/12/2099;2931053;6
001;KAMER - DF01;01/03/2022;31/12/2099;2931004;6
001;KAMER - DF01;01/03/2022;31/12/2099;2930907;6
001;KAMER - DF01;01/03/2022;31/12/2099;2930808;6
001;KAMER - DF01;01/03/2022;31/12/2099;2930774;6
001;KAMER - DF01;01/03/2022;31/12/2099;2930766;6
001;KAMER - DF01;01/03/2022;31/12/2099;2930758;6
001;KAMER - DF01;01/03/2022;31/12/2099;2930709;6
001;KAMER - DF01;01/03/2022;31/12/2099;2930600;6
001;KAMER - DF01;01/03/2022;31/12/2099;2930501;6
001;KAMER - DF01;01/03/2022;31/12/2099;2930402;6
001;KAMER - DF01;01/03/2022;31/12/2099;2930303;6
001;KAMER - DF01;01/03/2022;31/12/2099;2930154;6
001;KAMER - DF01;01/03/2022;31/12/2099;5205497;13
001;KAMER - DF01;01/03/2022;31/12/2099;5205455;13
001;KAMER - DF01;01/03/2022;31/12/2099;5205406;13
001;KAMER - DF01;01/03/2022;31/12/2099;5205208;13
001;KAMER - DF01;01/03/2022;31/12/2099;5205109;6
001;KAMER - DF01;01/03/2022;31/12/2099;5205059;13
001;KAMER - DF01;01/03/2022;31/12/2099;5205000;13
001;KAMER - DF01;01/03/2022;31/12/2099;5204607;13
001;KAMER - DF01;01/03/2022;31/12/2099;5204557;12
001;KAMER - DF01;01/03/2022;31/12/2099;5204508;13
001;KAMER - DF01;01/03/2022;31/12/2099;5204250;13
001;KAMER - DF01;01/03/2022;31/12/2099;5204201;13
001;KAMER - DF01;01/03/2022;31/12/2099;5204102;13
001;KAMER - DF01;01/03/2022;31/12/2099;5203939;13
001;KAMER - DF01;01/03/2022;31/12/2099;5203906;13
001;KAMER - DF01;01/03/2022;31/12/2099;5203609;13
001;KAMER - DF01;01/03/2022;31/12/2099;5203559;13
001;KAMER - DF01;01/03/2022;31/12/2099;5203302;13
001;KAMER - DF01;01/03/2022;31/12/2099;5203203;13
001;KAMER - DF01;01/03/2022;31/12/2099;5202809;13
001;KAMER - DF01;01/03/2022;31/12/2099;5202601;13
001;KAMER - DF01;01/03/2022;31/12/2099;5202502;13
001;KAMER - DF01;01/03/2022;31/12/2099;5202353;13
001;KAMER - DF01;01/03/2022;31/12/2099;5202155;14
001;KAMER - DF01;01/03/2022;31/12/2099;5201801;13
001;KAMER - DF01;01/03/2022;31/12/2099;5201603;13
001;KAMER - DF01;01/03/2022;31/12/2099;5201306;13
001;KAMER - DF01;01/03/2022;31/12/2099;5201108;12
001;KAMER - DF01;01/03/2022;31/12/2099;5200902;13
001;KAMER - DF01;01/03/2022;31/12/2099;5200852;13
001;KAMER - DF01;01/03/2022;31/12/2099;5200506;13
001;KAMER - DF01;01/03/2022;31/12/2099;5200308;13
001;KAMER - DF01;01/03/2022;31/12/2099;5200258;13
001;KAMER - DF01;01/03/2022;31/12/2099;5200209;13
001;KAMER - DF01;01/03/2022;31/12/2099;5200159;13
001;KAMER - DF01;01/03/2022;31/12/2099;5200134;13
001;KAMER - DF01;01/03/2022;31/12/2099;5200100;13
001;KAMER - DF01;01/03/2022;31/12/2099;5200050;13
001;KAMER - GO;01/03/2022;31/12/2099;5300108;13
001;KAMER - GO;01/03/2022;31/12/2099;5300108;13
001;KAMER - GO;01/03/2022;31/12/2099;5300108;13
001;KAMER - GO;01/03/2022;31/12/2099;5300108;13
001;KAMER - GO;01/03/2022;31/12/2099;5300108;13
001;KAMER - GO;01/03/2022;31/12/2099;5300108;13
001;KAMER - GO;01/03/2022;31/12/2099;5300108;13
001;KAMER - GO;01/03/2022;31/12/2099;5300108;13
001;KAMER - GO;01/03/2022;31/12/2099;5300108;13
001;KAMER - GO;01/03/2022;31/12/2099;5300108;13
001;KAMER - GO;01/03/2022;31/12/2099;5300108;13
001;KAMER - GO;01/03/2022;31/12/2099;5300108;13
001;KAMER - GO;01/03/2022;31/12/2099;5300108;13
001;KAMER - GO;01/03/2022;31/12/2099;5300108;13
001;KAMER - GO;01/03/2022;31/12/2099;5213855;7
001;KAMER - GO;01/03/2022;31/12/2099;5213806;7
001;KAMER - GO;01/03/2022;31/12/2099;5213772;7
001;KAMER - GO;01/03/2022;31/12/2099;5213756;7
001;KAMER - GO;01/03/2022;31/12/2099;5213400;7
001;KAMER - GO;01/03/2022;31/12/2099;5213004;7
001;KAMER - GO;01/03/2022;31/12/2099;5212956;7
001;KAMER - GO;01/03/2022;31/12/2099;5212907;7
001;KAMER - GO;01/03/2022;31/12/2099;5212600;7
001;KAMER - GO;01/03/2022;31/12/2099;5212501;7
001;KAMER - GO;01/03/2022;31/12/2099;5212303;7
001;KAMER - GO;01/03/2022;31/12/2099;5212204;7
001;KAMER - GO;01/03/2022;31/12/2099;5212105;7
001;KAMER - GO;01/03/2022;31/12/2099;5212055;7
001;KAMER - GO;01/03/2022;31/12/2099;5212006;7
001;KAMER - GO;01/03/2022;31/12/2099;5211800;7
001;KAMER - GO;01/03/2022;31/12/2099;5211701;7
001;KAMER - GO;01/03/2022;31/12/2099;5211602;7
001;KAMER - GO;01/03/2022;31/12/2099;5211503;7
001;KAMER - GO;01/03/2022;31/12/2099;5211404;7
001;KAMER - GO;01/03/2022;31/12/2099;5211206;7
001;KAMER - GO;01/03/2022;31/12/2099;5211008;7
001;KAMER - GO;01/03/2022;31/12/2099;5210901;7
001;KAMER - GO;01/03/2022;31/12/2099;5210604;7
001;KAMER - GO;01/03/2022;31/12/2099;5210562;7
001;KAMER - GO;01/03/2022;31/12/2099;5210406;7
001;KAMER - GO;01/03/2022;31/12/2099;5210307;7
001;KAMER - GO;01/03/2022;31/12/2099;5210208;7
001;KAMER - GO;01/03/2022;31/12/2099;5210109;7
001;KAMER - GO;01/03/2022;31/12/2099;5210000;7
001;KAMER - GO;01/03/2022;31/12/2099;5209952;7
001;KAMER - GO;01/03/2022;31/12/2099;5209804;7
001;KAMER - GO;01/03/2022;31/12/2099;5209705;7
001;KAMER - GO;01/03/2022;31/12/2099;5209606;7
001;KAMER - GO;01/03/2022;31/12/2099;5209457;7
001;KAMER - GO;01/03/2022;31/12/2099;5209291;7
001;KAMER - GO;01/03/2022;31/12/2099;5209200;7
001;KAMER - GO;01/03/2022;31/12/2099;5209101;7
001;KAMER - GO;01/03/2022;31/12/2099;5208905;7
001;KAMER - GO;01/03/2022;31/12/2099;5208806;7
001;KAMER - GO;01/03/2022;31/12/2099;5208608;7
001;KAMER - GO;01/03/2022;31/12/2099;5208400;7
001;KAMER - GO;01/03/2022;31/12/2099;5208152;7
001;KAMER - GO;01/03/2022;31/12/2099;5208004;7
001;KAMER - GO;01/03/2022;31/12/2099;5207808;7
001;KAMER - GO;01/03/2022;31/12/2099;5207600;7
001;KAMER - GO;01/03/2022;31/12/2099;5207535;7
001;KAMER - GO;01/03/2022;31/12/2099;5207402;7
001;KAMER - GO;01/03/2022;31/12/2099;5207352;7
001;KAMER - GO;01/03/2022;31/12/2099;5207105;7
001;KAMER - GO;01/03/2022;31/12/2099;5206800;7
001;KAMER - GO;01/03/2022;31/12/2099;5206602;7
001;KAMER - GO;01/03/2022;31/12/2099;5206503;7
001;KAMER - GO;01/03/2022;31/12/2099;5206305;7
001;KAMER - GO;01/03/2022;31/12/2099;5206206;14
001;KAMER - GO;01/03/2022;31/12/2099;5205901;14
001;KAMER - GO;01/03/2022;31/12/2099;5205802;14
001;KAMER - GO;01/03/2022;31/12/2099;5205703;14
001;KAMER - GO;01/03/2022;31/12/2099;5205513;14
001;KAMER - GO;01/03/2022;31/12/2099;5221809;7
001;KAMER - GO;01/03/2022;31/12/2099;5221551;7
001;KAMER - GO;01/03/2022;31/12/2099;5221502;7
001;KAMER - GO;01/03/2022;31/12/2099;5221403;7
001;KAMER - GO;01/03/2022;31/12/2099;5221197;7
001;KAMER - GO;01/03/2022;31/12/2099;5221007;7
001;KAMER - GO;01/03/2022;31/12/2099;5220603;7
001;KAMER - GO;01/03/2022;31/12/2099;5220454;7
001;KAMER - GO;01/03/2022;31/12/2099;5220280;7
001;KAMER - GO;01/03/2022;31/12/2099;5220264;7
001;KAMER - GO;01/03/2022;31/12/2099;5220157;7
001;KAMER - GO;01/03/2022;31/12/2099;5220108;7
001;KAMER - GO;01/03/2022;31/12/2099;5220058;7
001;KAMER - GO;01/03/2022;31/12/2099;5219902;7
001;KAMER - GO;01/03/2022;31/12/2099;5219753;7
001;KAMER - GO;01/03/2022;31/12/2099;5219738;7
001;KAMER - GO;01/03/2022;31/12/2099;5219712;7
001;KAMER - GO;01/03/2022;31/12/2099;5219506;7
001;KAMER - GO;01/03/2022;31/12/2099;5219456;7
001;KAMER - GO;01/03/2022;31/12/2099;5219407;7
001;KAMER - GO;01/03/2022;31/12/2099;5219357;7
001;KAMER - GO;01/03/2022;31/12/2099;5219308;7
001;KAMER - GO;01/03/2022;31/12/2099;5219258;7
001;KAMER - GO;01/03/2022;31/12/2099;5219209;7
001;KAMER - GO;01/03/2022;31/12/2099;5219100;7
001;KAMER - GO;01/03/2022;31/12/2099;5219001;7
001;KAMER - GO;01/03/2022;31/12/2099;5218904;7
001;KAMER - GO;01/03/2022;31/12/2099;5204854;7
001;KAMER - GO;01/03/2022;31/12/2099;5218805;7
001;KAMER - GO;01/03/2022;31/12/2099;5218789;7
001;KAMER - GO;01/03/2022;31/12/2099;5218706;7
001;KAMER - GO;01/03/2022;31/12/2099;5218391;7
001;KAMER - GO;01/03/2022;31/12/2099;5218052;7
001;KAMER - GO;01/03/2022;31/12/2099;5217708;7
001;KAMER - GO;01/03/2022;31/12/2099;5217609;7
001;KAMER - GO;01/03/2022;31/12/2099;5217401;7
001;KAMER - GO;01/03/2022;31/12/2099;5217302;7
001;KAMER - GO;01/03/2022;31/12/2099;5217203;7
001;KAMER - GO;01/03/2022;31/12/2099;5217104;7
001;KAMER - GO;01/03/2022;31/12/2099;5216908;7
001;KAMER - GO;01/03/2022;31/12/2099;5216809;7
001;KAMER - GO;01/03/2022;31/12/2099;5216403;7
001;KAMER - GO;01/03/2022;31/12/2099;5216007;7
001;KAMER - GO;01/03/2022;31/12/2099;5215900;7
001;KAMER - GO;01/03/2022;31/12/2099;5215801;7
001;KAMER - GO;01/03/2022;31/12/2099;5215702;7
001;KAMER - GO;01/03/2022;31/12/2099;5215603;7
001;KAMER - GO;01/03/2022;31/12/2099;5215405;7
001;KAMER - GO;01/03/2022;31/12/2099;5215306;7
001;KAMER - GO;01/03/2022;31/12/2099;5215231;7
001;KAMER - GO;01/03/2022;31/12/2099;5215207;7
001;KAMER - GO;01/03/2022;31/12/2099;5215009;7
001;KAMER - GO;01/03/2022;31/12/2099;5214861;7
001;KAMER - GO;01/03/2022;31/12/2099;5214705;7
001;KAMER - GO;01/03/2022;31/12/2099;5214507;7
001;KAMER - GO;01/03/2022;31/12/2099;5214408;7
001;KAMER - GO;01/03/2022;31/12/2099;5213905;7
001;KAMER - GO;01/03/2022;31/12/2099;5213509;15
001;KAMER - GO;01/03/2022;31/12/2099;5213103;15
001;KAMER - GO;01/03/2022;31/12/2099;5213087;15
001;KAMER - GO;01/03/2022;31/12/2099;5213053;15
001;KAMER - GO;01/03/2022;31/12/2099;5212808;15
001;KAMER - GO;01/03/2022;31/12/2099;5212709;15
001;KAMER - GO;01/03/2022;31/12/2099;5211909;15
001;KAMER - GO;01/03/2022;31/12/2099;5211305;15
001;KAMER - GO;01/03/2022;31/12/2099;5210802;15
001;KAMER - GO;01/03/2022;31/12/2099;5209937;15
001;KAMER - GO;01/03/2022;31/12/2099;5209903;15
001;KAMER - GO;01/03/2022;31/12/2099;5209408;15
001;KAMER - GO;01/03/2022;31/12/2099;5209150;15
001;KAMER - GO;01/03/2022;31/12/2099;5208509;17
001;KAMER - GO;01/03/2022;31/12/2099;5208103;15
001;KAMER - GO;01/03/2022;31/12/2099;5207907;15
001;KAMER - GO;01/03/2022;31/12/2099;5207501;15
001;KAMER - GO;01/03/2022;31/12/2099;5207253;15
001;KAMER - GO;01/03/2022;31/12/2099;5208301;15
001;KAMER - GO;01/03/2022;31/12/2099;5206909;15
001;KAMER - GO;01/03/2022;31/12/2099;5206701;15
001;KAMER - GO;01/03/2022;31/12/2099;5206404;15
001;KAMER - GO;01/03/2022;31/12/2099;5205521;15
001;KAMER - GO;01/03/2022;31/12/2099;5205471;15
001;KAMER - GO;01/03/2022;31/12/2099;5205307;15
001;KAMER - GO;01/03/2022;31/12/2099;5204953;15
001;KAMER - GO;01/03/2022;31/12/2099;5204904;15
001;KAMER - GO;01/03/2022;31/12/2099;5204805;15
001;KAMER - GO;01/03/2022;31/12/2099;5204706;15
001;KAMER - GO;01/03/2022;31/12/2099;5204656;15
001;KAMER - GO;01/03/2022;31/12/2099;5204409;15
001;KAMER - GO;01/03/2022;31/12/2099;5204300;15
001;KAMER - GO;01/03/2022;31/12/2099;5204003;15
001;KAMER - GO;01/03/2022;31/12/2099;5203962;15
001;KAMER - GO;01/03/2022;31/12/2099;5203807;15
001;KAMER - GO;01/03/2022;31/12/2099;5203575;15
001;KAMER - GO;01/03/2022;31/12/2099;5203401;15
001;KAMER - GO;01/03/2022;31/12/2099;5203104;15
001;KAMER - GO;01/03/2022;31/12/2099;5201702;15
001;KAMER - GO;01/03/2022;31/12/2099;5201504;15
001;KAMER - GO;01/03/2022;31/12/2099;5201454;15
001;KAMER - GO;01/03/2022;31/12/2099;5201207;15
001;KAMER - GO;01/03/2022;31/12/2099;5200829;15
001;KAMER - GO;01/03/2022;31/12/2099;5200803;15
001;KAMER - GO;01/03/2022;31/12/2099;5200605;15
001;KAMER - GO;01/03/2022;31/12/2099;5200555;15
001;KAMER - GO;01/03/2022;31/12/2099;5200175;15
001;KAMER - GOII;01/03/2022;31/12/2099;5218607;0
001;KAMER - GOII;01/03/2022;31/12/2099;5210158;0
001;KAMER - GOII;01/03/2022;31/12/2099;5222302;0
001;KAMER - GOII;01/03/2022;31/12/2099;5222054;0
001;KAMER - GOII;01/03/2022;31/12/2099;5222005;0
001;KAMER - GOII;01/03/2022;31/12/2099;5221908;0
001;KAMER - GOII;01/03/2022;31/12/2099;5221858;0
001;KAMER - GOII;01/03/2022;31/12/2099;3154606;0
001;KAMER - GOII;01/03/2022;31/12/2099;3153608;0
001;KAMER - GOII;01/03/2022;31/12/2099;3149309;0
001;KAMER - GOII;01/03/2022;31/12/2099;3144805;0
001;KAMER - GOII;01/03/2022;31/12/2099;3141108;0
001;KAMER - GOII;01/03/2022;31/12/2099;3137601;0
001;KAMER - GOII;01/03/2022;31/12/2099;3130101;0
001;KAMER - GOII;01/03/2022;31/12/2099;3129806;0
001;KAMER - GOII;01/03/2022;31/12/2099;3117876;0
001;KAMER - MG 1;01/03/2022;31/12/2099;3118601;13
001;KAMER - MG 1;01/03/2022;31/12/2099;3106705;13
001;KAMER - MG 1;01/03/2022;31/12/2099;3106200;13
001;KAMER - MG;01/03/2022;31/12/2099;5208707;11
001;KAMER - GOIP;01/03/2022;31/12/2099;5222203;21
001;KAMER - GOIP;01/03/2022;31/12/2099;5221700;21
001;KAMER - GOIP;01/03/2022;31/12/2099;5221601;21
001;KAMER - GOIP;01/03/2022;31/12/2099;5221577;21
001;KAMER - GOIP;01/03/2022;31/12/2099;5221452;21
001;KAMER - GOIP;01/03/2022;31/12/2099;5221304;21
001;KAMER - GOIP;01/03/2022;31/12/2099;5212253;21
001;KAMER - GOIP;01/03/2022;31/12/2099;5221080;21
001;KAMER - GOIP;01/03/2022;31/12/2099;5220702;21
001;KAMER - GOIP;01/03/2022;31/12/2099;5220686;21
001;KAMER - GOIP;01/03/2022;31/12/2099;5220504;21
001;KAMER - GOIP;01/03/2022;31/12/2099;5220405;21
001;KAMER - GOIP;01/03/2022;31/12/2099;5220207;21
001;KAMER - GOIP;01/03/2022;31/12/2099;5220009;21
001;KAMER - GOIP;01/03/2022;31/12/2099;5219803;21
001;KAMER - GOIP;01/03/2022;31/12/2099;5219704;21
001;KAMER - GOIP;01/03/2022;31/12/2099;5219605;21
001;KAMER - GOIP;01/03/2022;31/12/2099;5218508;21
001;KAMER - GOIP;01/03/2022;31/12/2099;5218300;21
001;KAMER - GOIP;01/03/2022;31/12/2099;5218102;21
001;KAMER - GOIP;01/03/2022;31/12/2099;5218003;21
001;KAMER - GOIP;01/03/2022;31/12/2099;5216452;21
001;KAMER - GOIP;01/03/2022;31/12/2099;5216304;21
001;KAMER - GOIP;01/03/2022;31/12/2099;5215652;21
001;KAMER - GOIP;01/03/2022;31/12/2099;5215504;21
001;KAMER - GOIP;01/03/2022;31/12/2099;5215256;21
001;KAMER - GOIP;01/03/2022;31/12/2099;5214903;21
001;KAMER - GOIP;01/03/2022;31/12/2099;5214879;21
001;KAMER - GOIP;01/03/2022;31/12/2099;5214838;21
001;KAMER - GOIP;01/03/2022;31/12/2099;5214804;21
001;KAMER - GOIP;01/03/2022;31/12/2099;5214606;21
001;KAMER - GOIP;01/03/2022;31/12/2099;5214101;21
001;KAMER - GOIP;01/03/2022;31/12/2099;5214051;21
001;KAMER - GOIP;01/03/2022;31/12/2099;5214002;21
001;KAMER - GOIP;01/03/2022;31/12/2099;5213707;21
001;KAMER - GOIP;01/03/2022;31/12/2099;3112406;13
001;KAMER - GOIP;01/03/2022;31/12/2099;3111804;13
001;KAMER - GOIP;01/03/2022;31/12/2099;3111903;13
001;KAMER - GOIP;01/03/2022;31/12/2099;3111606;13
001;KAMER - GOIP;01/03/2022;31/12/2099;3111507;13
001;KAMER - GOIP;01/03/2022;31/12/2099;3111408;13
001;KAMER - GOIP;01/03/2022;31/12/2099;3111309;13
001;KAMER - GOIP;01/03/2022;31/12/2099;3111200;13
001;KAMER - GOIP;01/03/2022;31/12/2099;3111101;13
001;KAMER - GOIP;01/03/2022;31/12/2099;3111002;13
001;KAMER - GOIP;01/03/2022;31/12/2099;3110905;13
001;KAMER - GOIP;01/03/2022;31/12/2099;3110707;13
001;KAMER - GOIP;01/03/2022;31/12/2099;3110608;13
001;KAMER - GOIP;01/03/2022;31/12/2099;3110509;13
001;KAMER - GOIP;01/03/2022;31/12/2099;3110301;13
001;KAMER - GOIP;01/03/2022;31/12/2099;3109808;13
001;KAMER - GOIP;01/03/2022;31/12/2099;3109709;13
001;KAMER - GOIP;01/03/2022;31/12/2099;3109501;13
001;KAMER - GOIP;01/03/2022;31/12/2099;3109451;13
001;KAMER - GOIP;01/03/2022;31/12/2099;3109303;13
001;KAMER - GOIP;01/03/2022;31/12/2099;3109105;13
001;KAMER - GOIP;01/03/2022;31/12/2099;3108552;13
001;KAMER - GOIP;01/03/2022;31/12/2099;3108404;13
001;KAMER - GOIP;01/03/2022;31/12/2099;3108305;13
001;KAMER - GOIP;01/03/2022;31/12/2099;3108206;13
001;KAMER - GOIP;01/03/2022;31/12/2099;3108008;13
001;KAMER - GOIP;01/03/2022;31/12/2099;3107901;13
001;KAMER - GOIP;01/03/2022;31/12/2099;3107604;13
001;KAMER - GOIP;01/03/2022;31/12/2099;3107109;13
001;KAMER - GOIP;01/03/2022;31/12/2099;3105301;13
001;KAMER - GOIP;01/03/2022;31/12/2099;3104908;13
001;KAMER - GOIP;01/03/2022;31/12/2099;3104502;13
001;KAMER - GOIP;01/03/2022;31/12/2099;3104304;13
001;KAMER - GOIP;01/03/2022;31/12/2099;3104106;13
001;KAMER - GOIP;01/03/2022;31/12/2099;3104007;13
001;KAMER - GOIP;01/03/2022;31/12/2099;3103801;13
001;KAMER - GOIP;01/03/2022;31/12/2099;3103751;13
001;KAMER - GOIP;01/03/2022;31/12/2099;3103504;13
001;KAMER - GOIP;01/03/2022;31/12/2099;3102803;13
001;KAMER - GOIP;01/03/2022;31/12/2099;3102605;13
001;KAMER - GOIP;01/03/2022;31/12/2099;3102001;13
001;KAMER - GOIP;01/03/2022;31/12/2099;3101904;13
001;KAMER - GOIP;01/03/2022;31/12/2099;3101607;13
001;KAMER - GOIP;01/03/2022;31/12/2099;3101409;13
001;KAMER - GOIP;01/03/2022;31/12/2099;3101201;13
001;KAMER - GOIP;01/03/2022;31/12/2099;3100708;13
001;KAMER - GOIP;01/03/2022;31/12/2099;3100104;13
001;KAMER - MG 2;01/03/2022;31/12/2099;3171204;8
001;KAMER - MG 2;01/03/2022;31/12/2099;3170206;8
001;KAMER - MG 2;01/03/2022;31/12/2099;3165537;8
001;KAMER - MG 2;01/03/2022;31/12/2099;3162955;8
001;KAMER - MG 2;01/03/2022;31/12/2099;3162922;8
001;KAMER - MG 2;01/03/2022;31/12/2099;3157807;8
001;KAMER - MG 2;01/03/2022;31/12/2099;3156700;8
001;KAMER - MG 2;01/03/2022;31/12/2099;3129905;8
001;KAMER - MG 2;01/03/2022;31/12/2099;3129707;8
001;KAMER - MG 2;01/03/2022;31/12/2099;3129509;8
001;KAMER - MG 2;01/03/2022;31/12/2099;3129202;8
001;KAMER - MG 2;01/03/2022;31/12/2099;3129103;8
001;KAMER - MG 2;01/03/2022;31/12/2099;3128907;8
001;KAMER - MG 2;01/03/2022;31/12/2099;3128709;8
001;KAMER - MG 2;01/03/2022;31/12/2099;3128600;8
001;KAMER - MG 2;01/03/2022;31/12/2099;3128303;8
001;KAMER - MG 2;01/03/2022;31/12/2099;3128105;8
001;KAMER - MG 2;01/03/2022;31/12/2099;3127909;8
001;KAMER - MG 2;01/03/2022;31/12/2099;3127404;8
001;KAMER - MG 2;01/03/2022;31/12/2099;3127107;8
001;KAMER - MG 2;01/03/2022;31/12/2099;3127008;8
001;KAMER - MG 2;01/03/2022;31/12/2099;3126307;8
001;KAMER - MG 2;01/03/2022;31/12/2099;3126208;8
001;KAMER - MG 2;01/03/2022;31/12/2099;3125200;8
001;KAMER - MG 2;01/03/2022;31/12/2099;3125101;8
001;KAMER - MG 2;01/03/2022;31/12/2099;3124807;8
001;KAMER - MG 2;01/03/2022;31/12/2099;3124500;8
001;KAMER - MG 2;01/03/2022;31/12/2099;3124401;8
001;KAMER - MG 2;01/03/2022;31/12/2099;3123601;8
001;KAMER - MG 2;01/03/2022;31/12/2099;3123502;8
001;KAMER - MG 2;01/03/2022;31/12/2099;3122801;8
001;KAMER - MG 2;01/03/2022;31/12/2099;3122470;8
001;KAMER - MG 2;01/03/2022;31/12/2099;3122405;8
001;KAMER - MG 2;01/03/2022;31/12/2099;3121258;8
001;KAMER - MG 2;01/03/2022;31/12/2099;3121100;8
001;KAMER - MG 2;01/03/2022;31/12/2099;3120805;8
001;KAMER - MG 2;01/03/2022;31/12/2099;3120706;8
001;KAMER - MG 2;01/03/2022;31/12/2099;3120508;8
001;KAMER - MG 2;01/03/2022;31/12/2099;3120201;8
001;KAMER - MG 2;01/03/2022;31/12/2099;3119906;8
001;KAMER - MG 2;01/03/2022;31/12/2099;3119302;8
001;KAMER - MG 2;01/03/2022;31/12/2099;3119005;8
001;KAMER - MG 2;01/03/2022;31/12/2099;3118700;8
001;KAMER - MG 2;01/03/2022;31/12/2099;3118502;8
001;KAMER - MG 2;01/03/2022;31/12/2099;3118205;8
001;KAMER - MG 2;01/03/2022;31/12/2099;3117900;8
001;KAMER - MG 2;01/03/2022;31/12/2099;3117801;8
001;KAMER - MG 2;01/03/2022;31/12/2099;3117702;8
001;KAMER - MG 2;01/03/2022;31/12/2099;3117207;8
001;KAMER - MG 2;01/03/2022;31/12/2099;3117306;8
001;KAMER - MG 2;01/03/2022;31/12/2099;3117108;8
001;KAMER - MG 2;01/03/2022;31/12/2099;3116902;8
001;KAMER - MG 2;01/03/2022;31/12/2099;3116159;8
001;KAMER - MG 2;01/03/2022;31/12/2099;3115805;8
001;KAMER - MG 2;01/03/2022;31/12/2099;3115508;8
001;KAMER - MG 2;01/03/2022;31/12/2099;3115102;8
001;KAMER - MG 2;01/03/2022;31/12/2099;3115003;8
001;KAMER - MG 2;01/03/2022;31/12/2099;3114808;8
001;KAMER - MG 2;01/03/2022;31/12/2099;3114709;8
001;KAMER - MG 2;01/03/2022;31/12/2099;3114550;8
001;KAMER - MG 2;01/03/2022;31/12/2099;3114402;8
001;KAMER - MG 2;01/03/2022;31/12/2099;3114303;8
001;KAMER - MG 2;01/03/2022;31/12/2099;3114105;8
001;KAMER - MG 2;01/03/2022;31/12/2099;3113909;8
001;KAMER - MG 2;01/03/2022;31/12/2099;3113602;8
001;KAMER - MG 2;01/03/2022;31/12/2099;3112604;8
001;KAMER - MG 2;01/03/2022;31/12/2099;3149200;8
001;KAMER - MG 2;01/03/2022;31/12/2099;3149101;8
001;KAMER - MG 2;01/03/2022;31/12/2099;3148103;8
001;KAMER - MG 2;01/03/2022;31/12/2099;3148004;8
001;KAMER - MG 2;01/03/2022;31/12/2099;3147907;8
001;KAMER - MG 2;01/03/2022;31/12/2099;3147600;8
001;KAMER - MG 2;01/03/2022;31/12/2099;3147303;8
001;KAMER - MG 2;01/03/2022;31/12/2099;3147204;8
001;KAMER - MG 2;01/03/2022;31/12/2099;3147006;8
001;KAMER - MG 2;01/03/2022;31/12/2099;3146008;8
001;KAMER - MG 2;01/03/2022;31/12/2099;3145505;8
001;KAMER - MG 2;01/03/2022;31/12/2099;3145109;8
001;KAMER - MG 2;01/03/2022;31/12/2099;3145000;8
001;KAMER - MG 2;01/03/2022;31/12/2099;3144607;8
001;KAMER - MG 2;01/03/2022;31/12/2099;3144508;8
001;KAMER - MG 2;01/03/2022;31/12/2099;3144409;8
001;KAMER - MG 2;01/03/2022;31/12/2099;3144375;8
001;KAMER - MG 2;01/03/2022;31/12/2099;3144102;8
001;KAMER - MG 2;01/03/2022;31/12/2099;3143807;8
001;KAMER - MG 2;01/03/2022;31/12/2099;3143401;8
001;KAMER - MG 2;01/03/2022;31/12/2099;3143203;8
001;KAMER - MG 2;01/03/2022;31/12/2099;3143104;8
001;KAMER - MG 2;01/03/2022;31/12/2099;3143005;8
001;KAMER - MG 2;01/03/2022;31/12/2099;3142809;8
001;KAMER - MG 2;01/03/2022;31/12/2099;3142601;8
001;KAMER - MG 2;01/03/2022;31/12/2099;3141900;8
001;KAMER - MG 2;01/03/2022;31/12/2099;3141207;8
001;KAMER - MG 2;01/03/2022;31/12/2099;3139904;8
001;KAMER - MG 2;01/03/2022;31/12/2099;3139003;8
001;KAMER - MG 2;01/03/2022;31/12/2099;3138708;8
001;KAMER - MG 2;01/03/2022;31/12/2099;3138625;8
001;KAMER - MG 2;01/03/2022;31/12/2099;3138203;8
001;KAMER - MG 2;01/03/2022;31/12/2099;3137809;8
001;KAMER - MG 2;01/03/2022;31/12/2099;3137536;8
001;KAMER - MG 2;01/03/2022;31/12/2099;3137502;8
001;KAMER - MG 2;01/03/2022;31/12/2099;3137106;8
001;KAMER - MG 2;01/03/2022;31/12/2099;3136900;8
001;KAMER - MG 2;01/03/2022;31/12/2099;3136306;8
001;KAMER - MG 2;01/03/2022;31/12/2099;3135902;8
001;KAMER - MG 2;01/03/2022;31/12/2099;3134905;8
001;KAMER - MG 2;01/03/2022;31/12/2099;3134806;8
001;KAMER - MG 2;01/03/2022;31/12/2099;3134509;8
001;KAMER - MG 2;01/03/2022;31/12/2099;3134400;8
001;KAMER - MG 2;01/03/2022;31/12/2099;3134301;8
001;KAMER - MG 2;01/03/2022;31/12/2099;3134202;8
001;KAMER - MG 2;01/03/2022;31/12/2099;3133758;8
001;KAMER - MG 2;01/03/2022;31/12/2099;3133600;8
001;KAMER - MG 2;01/03/2022;31/12/2099;3133402;8
001;KAMER - MG 2;01/03/2022;31/12/2099;3133105;8
001;KAMER - MG 2;01/03/2022;31/12/2099;3133006;8
001;KAMER - MG 2;01/03/2022;31/12/2099;3132909;8
001;KAMER - MG 2;01/03/2022;31/12/2099;3132404;8
001;KAMER - MG 2;01/03/2022;31/12/2099;3131604;8
001;KAMER - MG 2;01/03/2022;31/12/2099;3131505;8
001;KAMER - MG 2;01/03/2022;31/12/2099;3131406;8
001;KAMER - MG 2;01/03/2022;31/12/2099;3130705;8
001;KAMER - MG 2;01/03/2022;31/12/2099;3130606;8
001;KAMER - MG 2;01/03/2022;31/12/2099;3130507;8
001;KAMER - MG 2;01/03/2022;31/12/2099;3130002;8
001;KAMER - MG 2;01/03/2022;31/12/2099;3170107;8
001;KAMER - MG 2;01/03/2022;31/12/2099;3169802;8
001;KAMER - MG 2;01/03/2022;31/12/2099;3169604;8
001;KAMER - MG 2;01/03/2022;31/12/2099;3169406;8
001;KAMER - MG 2;01/03/2022;31/12/2099;3169356;8
001;KAMER - MG 2;01/03/2022;31/12/2099;3169307;8
001;KAMER - MG 2;01/03/2022;31/12/2099;3169109;8
001;KAMER - MG 2;01/03/2022;31/12/2099;3169059;8
001;KAMER - MG 2;01/03/2022;31/12/2099;3168903;8
001;KAMER - MG 2;01/03/2022;31/12/2099;3168101;8
001;KAMER - MG 2;01/03/2022;31/12/2099;3167806;8
001;KAMER - MG 2;01/03/2022;31/12/2099;3167400;8
001;KAMER - MG 2;01/03/2022;31/12/2099;3166907;8
001;KAMER - MG 2;01/03/2022;31/12/2099;3166808;8
001;KAMER - MG 2;01/03/2022;31/12/2099;3165800;8
001;KAMER - MG 2;01/03/2022;31/12/2099;3165578;8
001;KAMER - MG 2;01/03/2022;31/12/2099;3165404;8
001;KAMER - MG 2;01/03/2022;31/12/2099;3165305;8
001;KAMER - MG 2;01/03/2022;31/12/2099;3165107;8
001;KAMER - MG 2;01/03/2022;31/12/2099;3164902;8
001;KAMER - MG 2;01/03/2022;31/12/2099;3164407;8
001;KAMER - MG 2;01/03/2022;31/12/2099;3163904;8
001;KAMER - MG 2;01/03/2022;31/12/2099;3163706;8
001;KAMER - MG 2;01/03/2022;31/12/2099;3163201;8
001;KAMER - MG 2;01/03/2022;31/12/2099;3162948;8
001;KAMER - MG 2;01/03/2022;31/12/2099;3162302;8
001;KAMER - MG 2;01/03/2022;31/12/2099;3162203;8
001;KAMER - MG 2;01/03/2022;31/12/2099;3162104;8
001;KAMER - MG 2;01/03/2022;31/12/2099;3162005;8
001;KAMER - MG 2;01/03/2022;31/12/2099;3161700;8
001;KAMER - MG 2;01/03/2022;31/12/2099;3161304;8
001;KAMER - MG 2;01/03/2022;31/12/2099;3160801;8
001;KAMER - MG 2;01/03/2022;31/12/2099;3159902;8
001;KAMER - MG 2;01/03/2022;31/12/2099;3158805;8
001;KAMER - MG 2;01/03/2022;31/12/2099;3158300;8
001;KAMER - MG 2;01/03/2022;31/12/2099;3159803;8
001;KAMER - MG 2;01/03/2022;31/12/2099;3159704;8
001;KAMER - MG 2;01/03/2022;31/12/2099;3159605;8
001;KAMER - MG 2;01/03/2022;31/12/2099;3159209;8
001;KAMER - MG 2;01/03/2022;31/12/2099;3157708;8
001;KAMER - MG 2;01/03/2022;31/12/2099;3156908;8
001;KAMER - MG 2;01/03/2022;31/12/2099;3156403;8
001;KAMER - MG 2;01/03/2022;31/12/2099;3155504;8
001;KAMER - MG 2;01/03/2022;31/12/2099;3154705;8
001;KAMER - MG 2;01/03/2022;31/12/2099;3154457;8
001;KAMER - MG 2;01/03/2022;31/12/2099;3153400;8
001;KAMER - MG 2;01/03/2022;31/12/2099;3153004;8
001;KAMER - MG 2;01/03/2022;31/12/2099;3152907;8
001;KAMER - MG 2;01/03/2022;31/12/2099;3152808;8
001;KAMER - MG 2;01/03/2022;31/12/2099;3152600;8
001;KAMER - MG 2;01/03/2022;31/12/2099;3151800;8
001;KAMER - MG 2;01/03/2022;31/12/2099;3151701;8
001;KAMER - MG 2;01/03/2022;31/12/2099;3151602;8
001;KAMER - MG 2;01/03/2022;31/12/2099;3151008;8
001;KAMER - MG 2;01/03/2022;31/12/2099;3150901;8
001;KAMER - MG 2;01/03/2022;31/12/2099;3150703;8
001;KAMER - MG 2;01/03/2022;31/12/2099;3149903;8
001;KAMER - MG 2;01/03/2022;31/12/2099;3149804;8
001;KAMER - MG 2;01/03/2022;31/12/2099;1503804;8
001;KAMER - MG 2;01/03/2022;31/12/2099;1503705;8
001;KAMER - MG 2;01/03/2022;31/12/2099;1503507;8
001;KAMER - MG 2;01/03/2022;31/12/2099;1503457;8
001;KAMER - MG 2;01/03/2022;31/12/2099;1503408;8
001;KAMER - MG 2;01/03/2022;31/12/2099;1503309;8
001;KAMER - MG 2;01/03/2022;31/12/2099;1503200;8
001;KAMER - MG 2;01/03/2022;31/12/2099;1503093;8
001;KAMER - MG 2;01/03/2022;31/12/2099;1503077;8
001;KAMER - MG 2;01/03/2022;31/12/2099;1503044;8
001;KAMER - MG 2;01/03/2022;31/12/2099;1502939;8
001;KAMER - MG 2;01/03/2022;31/12/2099;1502905;8
001;KAMER - MG 2;01/03/2022;31/12/2099;1502772;8
001;KAMER - MG 2;01/03/2022;31/12/2099;1502764;8
001;KAMER - MG 2;01/03/2022;31/12/2099;1502756;8
001;KAMER - MG 2;01/03/2022;31/12/2099;1502707;8
001;KAMER - MG 2;01/03/2022;31/12/2099;1502400;8
001;KAMER - MG 2;01/03/2022;31/12/2099;1502301;8
001;KAMER - MG 2;01/03/2022;31/12/2099;1502202;8
001;KAMER - MG 2;01/03/2022;31/12/2099;1502152;8
001;KAMER - MG 2;01/03/2022;31/12/2099;1501907;8
001;KAMER - MG 2;01/03/2022;31/12/2099;1501782;8
001;KAMER - MG 2;01/03/2022;31/12/2099;1501758;8
001;KAMER - MG 2;01/03/2022;31/12/2099;1501725;8
001;KAMER - MG 2;01/03/2022;31/12/2099;1501709;8
001;KAMER - MG 2;01/03/2022;31/12/2099;1501600;8
001;KAMER - MG 2;01/03/2022;31/12/2099;1501576;8
001;KAMER - MG 2;01/03/2022;31/12/2099;1501501;8
001;KAMER - MG 2;01/03/2022;31/12/2099;1501451;8
001;KAMER - MG 2;01/03/2022;31/12/2099;1501303;8
001;KAMER - MG 2;01/03/2022;31/12/2099;1500958;8
001;KAMER - MG 2;01/03/2022;31/12/2099;1500909;8
001;KAMER - MG 2;01/03/2022;31/12/2099;1500859;8
001;KAMER - MG 2;01/03/2022;31/12/2099;1500800;8
001;KAMER - MG 2;01/03/2022;31/12/2099;1500602;8
001;KAMER - MG 2;01/03/2022;31/12/2099;1500347;8
001;KAMER - MG 2;01/03/2022;31/12/2099;1500206;8
001;KAMER - MG 2;01/03/2022;31/12/2099;1500131;8
001;KAMER - MG 2;01/03/2022;31/12/2099;1500107;8
001;KAMER - PA 1;01/03/2022;31/12/2099;1501402;23
001;KAMER - PA;01/03/2022;31/12/2099;3152501;15
001;KAMER - PA;01/03/2022;31/12/2099;3172202;15
001;KAMER - PA;01/03/2022;31/12/2099;3171709;15
001;KAMER - PA;01/03/2022;31/12/2099;3171105;15
001;KAMER - PA;01/03/2022;31/12/2099;3171006;15
001;KAMER - PA;01/03/2022;31/12/2099;3170750;15
001;KAMER - PA;01/03/2022;31/12/2099;3170701;15
001;KAMER - PA;01/03/2022;31/12/2099;3170529;15
001;KAMER - PA;01/03/2022;31/12/2099;3170479;15
001;KAMER - PA;01/03/2022;31/12/2099;3170438;15
001;KAMER - PA;01/03/2022;31/12/2099;3170404;15
001;KAMER - PA;01/03/2022;31/12/2099;1508357;15
001;KAMER - PA;01/03/2022;31/12/2099;1508308;15
001;KAMER - PA;01/03/2022;31/12/2099;1508209;15
001;KAMER - PA;01/03/2022;31/12/2099;1508126;15
001;KAMER - PA;01/03/2022;31/12/2099;1508100;15
001;KAMER - PA;01/03/2022;31/12/2099;1508084;15
001;KAMER - PA;01/03/2022;31/12/2099;1508035;15
001;KAMER - PA;01/03/2022;31/12/2099;1508001;15
001;KAMER - PA;01/03/2022;31/12/2099;1507961;15
001;KAMER - PA;01/03/2022;31/12/2099;1507953;15
001;KAMER - PA;01/03/2022;31/12/2099;1507805;15
001;KAMER - PA;01/03/2022;31/12/2099;1507755;15
001;KAMER - PA;01/03/2022;31/12/2099;1507607;15
001;KAMER - PA;01/03/2022;31/12/2099;1507508;15
001;KAMER - PA;01/03/2022;31/12/2099;1507474;15
001;KAMER - PA;01/03/2022;31/12/2099;1507466;15
001;KAMER - PA;01/03/2022;31/12/2099;1507458;15
001;KAMER - PA;01/03/2022;31/12/2099;1507409;15
001;KAMER - PA;01/03/2022;31/12/2099;1507300;15
001;KAMER - PA;01/03/2022;31/12/2099;1507201;15
001;KAMER - PA;01/03/2022;31/12/2099;1507151;15
001;KAMER - PA;01/03/2022;31/12/2099;1507102;15
001;KAMER - PA;01/03/2022;31/12/2099;1507003;15
001;KAMER - PA;01/03/2022;31/12/2099;1506906;15
001;KAMER - PA;01/03/2022;31/12/2099;1506708;15
001;KAMER - PA;01/03/2022;31/12/2099;1506609;15
001;KAMER - PA;01/03/2022;31/12/2099;1506583;15
001;KAMER - PA;01/03/2022;31/12/2099;1506559;15
001;KAMER - PA;01/03/2022;31/12/2099;1506351;15
001;KAMER - PA;01/03/2022;31/12/2099;1506203;15
001;KAMER - PA;01/03/2022;31/12/2099;1506187;15
001;KAMER - PA;01/03/2022;31/12/2099;1506161;15
001;KAMER - PA;01/03/2022;31/12/2099;1506138;15
001;KAMER - PA;01/03/2022;31/12/2099;1506112;15
001;KAMER - PA;01/03/2022;31/12/2099;1506104;15
001;KAMER - PA;01/03/2022;31/12/2099;1505635;15
001;KAMER - PA;01/03/2022;31/12/2099;1505601;15
001;KAMER - PA;01/03/2022;31/12/2099;1505551;15
001;KAMER - PA;01/03/2022;31/12/2099;1505536;15
001;KAMER - PA;01/03/2022;31/12/2099;1505502;15
001;KAMER - PA;01/03/2022;31/12/2099;1505494;15
001;KAMER - PA;01/03/2022;31/12/2099;1505486;15
001;KAMER - PA;01/03/2022;31/12/2099;1505437;15
001;KAMER - PA;01/03/2022;31/12/2099;1505403;15
001;KAMER - PA;01/03/2022;31/12/2099;1505064;15
001;KAMER - PA;01/03/2022;31/12/2099;1505007;15
001;KAMER - PA;01/03/2022;31/12/2099;1504976;15
001;KAMER - PA;01/03/2022;31/12/2099;1504950;15
001;KAMER - PA;01/03/2022;31/12/2099;1504752;15
001;KAMER - PA;01/03/2022;31/12/2099;1504703;15
001;KAMER - PA;01/03/2022;31/12/2099;1504455;15
001;KAMER - PA;01/03/2022;31/12/2099;1504422;15
001;KAMER - PA;01/03/2022;31/12/2099;1504406;15
001;KAMER - PA;01/03/2022;31/12/2099;1504307;15
001;KAMER - PA;01/03/2022;31/12/2099;1504208;15
001;KAMER - PA;01/03/2022;31/12/2099;1504109;15
001;KAMER - PA;01/03/2022;31/12/2099;1504059;15
001;KAMER - PA;01/03/2022;31/12/2099;1100346;15
001;KAMER - PA;01/03/2022;31/12/2099;1100403;15
001;KAMER - PA;01/03/2022;31/12/2099;1100015;15
001;KAMER - PA;01/03/2022;31/12/2099;1100379;15
001;KAMER - RO 1;01/03/2022;31/12/2099;1100205;14
001;KAMER - RO;01/03/2022;31/12/2099;1508159;12
001;KAMER - RO;01/03/2022;31/12/2099;1508050;12
001;KAMER - RO;01/03/2022;31/12/2099;1507979;12
001;KAMER - RO;01/03/2022;31/12/2099;1507904;12
001;KAMER - RO;01/03/2022;31/12/2099;1507706;12
001;KAMER - RO;01/03/2022;31/12/2099;1506807;12
001;KAMER - RO;01/03/2022;31/12/2099;1506401;12
001;KAMER - RO;01/03/2022;31/12/2099;1506302;12
001;KAMER - RO;01/03/2022;31/12/2099;1506195;12
001;KAMER - RO;01/03/2022;31/12/2099;1506005;12
001;KAMER - RO;01/03/2022;31/12/2099;1505908;12
001;KAMER - RO;01/03/2022;31/12/2099;1505809;12
001;KAMER - RO;01/03/2022;31/12/2099;1505700;12
001;KAMER - RO;01/03/2022;31/12/2099;1505650;12
001;KAMER - RO;01/03/2022;31/12/2099;1505304;12
001;KAMER - RO;01/03/2022;31/12/2099;1505205;12
001;KAMER - RO;01/03/2022;31/12/2099;1505106;12
001;KAMER - RO;01/03/2022;31/12/2099;1505031;12
001;KAMER - RO;01/03/2022;31/12/2099;1504901;12
001;KAMER - RO;01/03/2022;31/12/2099;1504802;12
001;KAMER - RO;01/03/2022;31/12/2099;1504604;12
001;KAMER - RO;01/03/2022;31/12/2099;1504505;12
001;KAMER - RO;01/03/2022;31/12/2099;1504000;12
001;KAMER - RO;01/03/2022;31/12/2099;1503903;12
001;KAMER - RO;01/03/2022;31/12/2099;1503754;12
001;KAMER - RO;01/03/2022;31/12/2099;1503606;12
001;KAMER - RO;01/03/2022;31/12/2099;1503101;12
001;KAMER - RO;01/03/2022;31/12/2099;1503002;12
001;KAMER - RO;01/03/2022;31/12/2099;1502855;12
001;KAMER - RO;01/03/2022;31/12/2099;1502806;12
001;KAMER - RO;01/03/2022;31/12/2099;1502608;12
001;KAMER - RO;01/03/2022;31/12/2099;1502509;12
001;KAMER - RO;01/03/2022;31/12/2099;1502103;12
001;KAMER - RO;01/03/2022;31/12/2099;1502004;12
001;KAMER - RO;01/03/2022;31/12/2099;1501956;12
001;KAMER - RO;01/03/2022;31/12/2099;1501808;12
001;KAMER - RO;01/03/2022;31/12/2099;1501253;12
001;KAMER - RO;01/03/2022;31/12/2099;1501204;12
001;KAMER - RO;01/03/2022;31/12/2099;1501105;12
001;KAMER - RO;01/03/2022;31/12/2099;1501006;12
001;KAMER - RO;01/03/2022;31/12/2099;1500701;12
001;KAMER - RO;01/03/2022;31/12/2099;1500503;12
001;KAMER - RO;01/03/2022;31/12/2099;1500404;12
001;KAMER - RO;01/03/2022;31/12/2099;1500305;12
001;KAMER - PA 2;01/03/2022;31/12/2099;1700400;23
001;KAMER - PA 2;01/03/2022;31/12/2099;1700350;23
001;KAMER - PA 2;01/03/2022;31/12/2099;1700301;23
001;KAMER - PA 2;01/03/2022;31/12/2099;1700251;23
001;KAMER - TO 1;01/03/2022;31/12/2099;1721000;20
001;KAMER - TO;01/03/2022;31/12/2099;1100304;8
001;KAMER - TO;01/03/2022;31/12/2099;1101807;8
001;KAMER - TO;01/03/2022;31/12/2099;1101757;8
001;KAMER - TO;01/03/2022;31/12/2099;1101708;8
001;KAMER - TO;01/03/2022;31/12/2099;1101609;8
001;KAMER - TO;01/03/2022;31/12/2099;1101559;8
001;KAMER - TO;01/03/2022;31/12/2099;1101500;8
001;KAMER - TO;01/03/2022;31/12/2099;1100320;8
001;KAMER - TO;01/03/2022;31/12/2099;1101492;8
001;KAMER - TO;01/03/2022;31/12/2099;1101484;8
001;KAMER - TO;01/03/2022;31/12/2099;1100296;8
001;KAMER - TO;01/03/2022;31/12/2099;1100288;8
001;KAMER - TO;01/03/2022;31/12/2099;1100262;8
001;KAMER - TO;01/03/2022;31/12/2099;1101476;8
001;KAMER - TO;01/03/2022;31/12/2099;1100254;8
001;KAMER - TO;01/03/2022;31/12/2099;1101468;8
001;KAMER - TO;01/03/2022;31/12/2099;1100189;8
001;KAMER - TO;01/03/2022;31/12/2099;1101450;8
001;KAMER - TO;01/03/2022;31/12/2099;1100155;8
001;KAMER - TO;01/03/2022;31/12/2099;1100502;8
001;KAMER - TO;01/03/2022;31/12/2099;1101435;8
001;KAMER - TO;01/03/2022;31/12/2099;1100338;8
001;KAMER - TO;01/03/2022;31/12/2099;1100148;8
001;KAMER - TO;01/03/2022;31/12/2099;1101401;8
001;KAMER - TO;01/03/2022;31/12/2099;1101302;8
001;KAMER - TO;01/03/2022;31/12/2099;1101203;8
001;KAMER - TO;01/03/2022;31/12/2099;1100130;8
001;KAMER - TO;01/03/2022;31/12/2099;1100122;8
001;KAMER - TO;01/03/2022;31/12/2099;1100114;8
001;KAMER - TO;01/03/2022;31/12/2099;1101104;8
001;KAMER - TO;01/03/2022;31/12/2099;1100106;8
001;KAMER - TO;01/03/2022;31/12/2099;1101005;8
001;KAMER - TO;01/03/2022;31/12/2099;1100940;8
001;KAMER - TO;01/03/2022;31/12/2099;1100080;8
001;KAMER - TO;01/03/2022;31/12/2099;1100072;8
001;KAMER - TO;01/03/2022;31/12/2099;1100064;8
001;KAMER - TO;01/03/2022;31/12/2099;1100924;8
001;KAMER - TO;01/03/2022;31/12/2099;1100056;8
001;KAMER - TO;01/03/2022;31/12/2099;1100908;8
001;KAMER - TO;01/03/2022;31/12/2099;1100809;8
001;KAMER - TO;01/03/2022;31/12/2099;1100700;8
001;KAMER - TO;01/03/2022;31/12/2099;1100049;8
001;KAMER - TO;01/03/2022;31/12/2099;1100601;8
001;KAMER - TO;01/03/2022;31/12/2099;1100031;8
001;KAMER - TO;01/03/2022;31/12/2099;1100452;8
001;KAMER - TO;01/03/2022;31/12/2099;1100023;8
001;KAMER - TO;01/03/2022;31/12/2099;1710904;8
001;KAMER - TO;01/03/2022;31/12/2099;1710706;8
001;KAMER - TO;01/03/2022;31/12/2099;1710508;8
001;KAMER - TO;01/03/2022;31/12/2099;1709807;8
001;KAMER - TO;01/03/2022;31/12/2099;1709500;8
001;KAMER - TO;01/03/2022;31/12/2099;1709302;8
001;KAMER - TO;01/03/2022;31/12/2099;1709005;8
001;KAMER - TO;01/03/2022;31/12/2099;1708304;8
001;KAMER - TO;01/03/2022;31/12/2099;1708205;8
001;KAMER - TO;01/03/2022;31/12/2099;1707702;8
001;KAMER - TO;01/03/2022;31/12/2099;1707652;8
001;KAMER - TO;01/03/2022;31/12/2099;1707553;8
001;KAMER - TO;01/03/2022;31/12/2099;1707405;8
001;KAMER - TO;01/03/2022;31/12/2099;1707306;8
001;KAMER - TO;01/03/2022;31/12/2099;1707207;8
001;KAMER - TO;01/03/2022;31/12/2099;1707108;8
001;KAMER - TO;01/03/2022;31/12/2099;1707009;8
001;KAMER - TO;01/03/2022;31/12/2099;1706506;8
001;KAMER - TO;01/03/2022;31/12/2099;1706258;8
001;KAMER - TO;01/03/2022;31/12/2099;1706100;8
001;KAMER - TO;01/03/2022;31/12/2099;1705607;8
001;KAMER - TO;01/03/2022;31/12/2099;1705557;8
001;KAMER - TO;01/03/2022;31/12/2099;1716703;8
001;KAMER - TO;01/03/2022;31/12/2099;1705508;8
001;KAMER - TO;01/03/2022;31/12/2099;1705102;8
001;KAMER - TO;01/03/2022;31/12/2099;1704600;8
001;KAMER - TO;01/03/2022;31/12/2099;1704105;8
001;KAMER - TO;01/03/2022;31/12/2099;1703909;8
001;KAMER - TO;01/03/2022;31/12/2099;1703891;8
001;KAMER - TO;01/03/2022;31/12/2099;1703883;8
001;KAMER - TO;01/03/2022;31/12/2099;1703867;8
001;KAMER - TO;01/03/2022;31/12/2099;1703842;8
001;KAMER - TO;01/03/2022;31/12/2099;1703826;8
001;KAMER - TO;01/03/2022;31/12/2099;1703800;8
001;KAMER - TO;01/03/2022;31/12/2099;1703701;8
001;KAMER - TO;01/03/2022;31/12/2099;1703602;8
001;KAMER - TO;01/03/2022;31/12/2099;1703305;8
001;KAMER - TO;01/03/2022;31/12/2099;1703206;8
001;KAMER - TO;01/03/2022;31/12/2099;1703107;8
001;KAMER - TO;01/03/2022;31/12/2099;1703073;8
001;KAMER - TO;01/03/2022;31/12/2099;1703057;8
001;KAMER - TO;01/03/2022;31/12/2099;1703008;8
001;KAMER - TO;01/03/2022;31/12/2099;1702901;8
001;KAMER - TO;01/03/2022;31/12/2099;1702703;8
001;KAMER - TO;01/03/2022;31/12/2099;1702554;8
001;KAMER - TO;01/03/2022;31/12/2099;1702406;8
001;KAMER - TO;01/03/2022;31/12/2099;1702307;8
001;KAMER - TO;01/03/2022;31/12/2099;1702208;8
001;KAMER - TO;01/03/2022;31/12/2099;1702158;8
001;KAMER - TO;01/03/2022;31/12/2099;1702109;8
001;KAMER - TO;01/03/2022;31/12/2099;1702000;8
001;KAMER - TO;01/03/2022;31/12/2099;1701903;8
001;KAMER - TO;01/03/2022;31/12/2099;1701309;8
001;KAMER - TO;01/03/2022;31/12/2099;1701101;8
001;KAMER - TO;01/03/2022;31/12/2099;1701051;8
001;KAMER - TO;01/03/2022;31/12/2099;1701002;8
001;KAMER - TO;01/03/2022;31/12/2099;1700707;8
001;KAMER - TO;01/03/2022;31/12/2099;1720150;8
001;KAMER - TO;01/03/2022;31/12/2099;1720101;8
001;KAMER - TO;01/03/2022;31/12/2099;1720002;8
001;KAMER - TO;01/03/2022;31/12/2099;1719004;8
001;KAMER - TO;01/03/2022;31/12/2099;1718907;8
001;KAMER - TO;01/03/2022;31/12/2099;1718899;8
001;KAMER - TO;01/03/2022;31/12/2099;1718881;8
001;KAMER - TO;01/03/2022;31/12/2099;1718865;8
001;KAMER - TO;01/03/2022;31/12/2099;1718840;8
001;KAMER - TO;01/03/2022;31/12/2099;1718808;8
001;KAMER - TO;01/03/2022;31/12/2099;1718758;8
001;KAMER - TO;01/03/2022;31/12/2099;1718709;8
001;KAMER - TO;01/03/2022;31/12/2099;1718659;8
001;KAMER - TO;01/03/2022;31/12/2099;1718550;8
001;KAMER - TO;01/03/2022;31/12/2099;1718501;8
001;KAMER - TO;01/03/2022;31/12/2099;1718451;8
001;KAMER - TO;01/03/2022;31/12/2099;1718402;8
001;KAMER - TO;01/03/2022;31/12/2099;1718303;8
001;KAMER - TO;01/03/2022;31/12/2099;1718204;8
001;KAMER - TO;01/03/2022;31/12/2099;1718006;8
001;KAMER - TO;01/03/2022;31/12/2099;1717909;8
001;KAMER - TO;01/03/2022;31/12/2099;1717800;8
001;KAMER - TO;01/03/2022;31/12/2099;1717503;8
001;KAMER - TO;01/03/2022;31/12/2099;1717206;8
001;KAMER - TO;01/03/2022;31/12/2099;1717008;8
001;KAMER - TO;01/03/2022;31/12/2099;1716653;8
001;KAMER - TO;01/03/2022;31/12/2099;1716604;8
001;KAMER - TO;01/03/2022;31/12/2099;1716505;8
001;KAMER - TO;01/03/2022;31/12/2099;1716307;8
001;KAMER - TO;01/03/2022;31/12/2099;1716208;8
001;KAMER - TO;01/03/2022;31/12/2099;1716109;8
001;KAMER - TO;01/03/2022;31/12/2099;1715754;8
001;KAMER - TO;01/03/2022;31/12/2099;1715705;8
001;KAMER - TO;01/03/2022;31/12/2099;1715507;8
001;KAMER - TO;01/03/2022;31/12/2099;1715259;8
001;KAMER - TO;01/03/2022;31/12/2099;1715150;8
001;KAMER - TO;01/03/2022;31/12/2099;1715101;8
001;KAMER - TO;01/03/2022;31/12/2099;1715002;8
001;KAMER - TO;01/03/2022;31/12/2099;1714880;8
001;KAMER - TO;01/03/2022;31/12/2099;1714302;8
001;KAMER - TO;01/03/2022;31/12/2099;1714203;8
001;KAMER - TO;01/03/2022;31/12/2099;1713957;8
001;KAMER - TO;01/03/2022;31/12/2099;1713809;8
001;KAMER - TO;01/03/2022;31/12/2099;1713700;8
001;KAMER - TO;01/03/2022;31/12/2099;1713601;8
001;KAMER - TO;01/03/2022;31/12/2099;1713304;8
001;KAMER - TO;01/03/2022;31/12/2099;1713205;8
001;KAMER - TO;01/03/2022;31/12/2099;1712801;8
001;KAMER - TO;01/03/2022;31/12/2099;1712702;8
001;KAMER - TO;01/03/2022;31/12/2099;1712504;8
001;KAMER - TO;01/03/2022;31/12/2099;1712454;8
001;KAMER - TO;01/03/2022;31/12/2099;1712405;8
001;KAMER - TO;01/03/2022;31/12/2099;1712157;8
001;KAMER - TO;01/03/2022;31/12/2099;1712009;8
001;KAMER - TO;01/03/2022;31/12/2099;1711951;8
001;KAMER - TO;01/03/2022;31/12/2099;1711902;8
001;KAMER - TO;01/03/2022;31/12/2099;1711803;8
001;KAMER - TO;01/03/2022;31/12/2099;1711506;8
001;KAMER - TO;01/03/2022;31/12/2099;1711100;8
001;KAMER - TO;01/03/2022;31/12/2099;1722107;8
001;KAMER - TO;01/03/2022;31/12/2099;1722107;8
001;KAMER - TO;01/03/2022;31/12/2099;1722081;8
001;KAMER - TO;01/03/2022;31/12/2099;1721307;8
001;KAMER - TO;01/03/2022;31/12/2099;1721257;8
001;KAMER - TO;01/03/2022;31/12/2099;1721208;8
001;KAMER - TO;01/03/2022;31/12/2099;1721109;8
001;KAMER - TO;01/03/2022;31/12/2099;1720978;8
001;KAMER - TO;01/03/2022;31/12/2099;1720937;8
001;KAMER - TO;01/03/2022;31/12/2099;1720903;8
001;KAMER - TO;01/03/2022;31/12/2099;1720853;8
001;KAMER - TO;01/03/2022;31/12/2099;1720804;8
001;KAMER - TO;01/03/2022;31/12/2099;1720655;8
001;KAMER - TO;01/03/2022;31/12/2099;1720309;8
001;KAMER - TO;01/03/2022;31/12/2099;1720259;8
001;KAMER - TO;01/03/2022;31/12/2099;1720200;8
