transportador_codigo,tabela_nome,validade_inicio,validade_fim,tarifa_codigo,cidade_ibge,prazo_entrega_dias
0001,Tabela de frete (0001 - Kamer),01/03/2022,31/12/2099,SEM_MAPEAMENTO_,2901304,0
0001,Tabela de frete (0001 - Kamer),01/03/2022,31/12/2099,SEM_MAPEAMENTO_,2901205,0
0001,Tabela de frete (0001 - Kamer),01/03/2022,31/12/2099,SEM_MAPEAMENTO_,2901155,0
0001,Tabela de frete (0001 - Kamer),01/03/2022,31/12/2099,SEM_MAPEAMENTO_,2901106,0
0001,Tabela de frete (0001 - Kamer),01/03/2022,31/12/2099,SEM_MAPEAMENTO_,2901007,0
0001,Tabela de frete (0001 - Kamer),01/03/2022,31/12/2099,SEM_MAPEAMENTO_,2900900,0
0001,Tabela de frete (0001 - Kamer),01/03/2022,31/12/2099,SEM_MAPEAMENTO_,2900801,0
0001,Tabela de frete (0001 - Kamer),01/03/2022,31/12/2099,SEM_MAPEAMENTO_,2900702,0
0001,Tabela de frete (0001 - Kamer),01/03/2022,31/12/2099,SEM_MAPEAMENTO_,2900603,0
0001,Tabela de frete (0001 - Kamer),01/03/2022,31/12/2099,SEM_MAPEAMENTO_,2900405,0
0001,Tabela de frete (0001 - Kamer),01/03/2022,31/12/2099,SEM_MAPEAMENTO_,2900355,0
0001,Tabela de frete (0001 - Kamer),01/03/2022,31/12/2099,SEM_MAPEAMENTO_,2900306,0
0001,Tabela de frete (0001 - Kamer),01/03/2022,31/12/2099,SEM_MAPEAMENTO_,2900207,0
0001,Tabela de frete (0001 - Kamer),01/03/2022,31/12/2099,SEM_MAPEAMENTO_,2900108,0
0001,Tabela de frete (0001 - Kamer),01/03/2022,31/12/2099,TAR0006,2919553,14
0001,Tabela de frete (0001 - Kamer),01/03/2022,31/12/2099,TAR0006,2903201,14
0001,Tabela de frete (0001 - Kamer),01/03/2022,31/12/2099,TAR0005,2927408,9
0001,Tabela de frete (0001 - Kamer),01/03/2022,31/12/2099,TAR0004,1200203,11
0001,Tabela de frete (0001 - Kamer),01/03/2022,31/12/2099,TAR0003,1200708,17
0001,Tabela de frete (0001 - Kamer),01/03/2022,31/12/2099,TAR0003,1200609,17
0001,Tabela de frete (0001 - Kamer),01/03/2022,31/12/2099,TAR0003,1200450,17
0001,Tabela de frete (0001 - Kamer),01/03/2022,31/12/2099,TAR0003,1200500,17
0001,Tabela de frete (0001 - Kamer),01/03/2022,31/12/2099,TAR0003,1200435,17
0001,Tabela de frete (0001 - Kamer),01/03/2022,31/12/2099,TAR0003,1200427,17
0001,Tabela de frete (0001 - Kamer),01/03/2022,31/12/2099,TAR0003,1200393,17
0001,Tabela de frete (0001 - Kamer),01/03/2022,31/12/2099,TAR0003,1200807,17
0001,Tabela de frete (0001 - Kamer),01/03/2022,31/12/2099,TAR0003,1200385,17
0001,Tabela de frete (0001 - Kamer),01/03/2022,31/12/2099,TAR0003,1200351,17
0001,Tabela de frete (0001 - Kamer),01/03/2022,31/12/2099,TAR0003,1200344,17
0001,Tabela de frete (0001 - Kamer),01/03/2022,31/12/2099,TAR0003,1200336,17
0001,Tabela de frete (0001 - Kamer),01/03/2022,31/12/2099,TAR0003,1200328,17
0001,Tabela de frete (0001 - Kamer),01/03/2022,31/12/2099,TAR0003,1200302,17
0001,Tabela de frete (0001 - Kamer),01/03/2022,31/12/2099,TAR0003,1200252,17
0001,Tabela de frete (0001 - Kamer),01/03/2022,31/12/2099,TAR0003,1200179,17
0001,Tabela de frete (0001 - Kamer),01/03/2022,31/12/2099,TAR0003,1200138,17
0001,Tabela de frete (0001 - Kamer),01/03/2022,31/12/2099,TAR0003,1200104,17
0001,Tabela de frete (0001 - Kamer),01/03/2022,31/12/2099,TAR0003,1200054,17
0001,Tabela de frete (0001 - Kamer),01/03/2022,31/12/2099,TAR0003,1200013,17
0001,Tabela de frete (0001 - Kamer),01/03/2022,31/12/2099,TAR0002,1200401,16
0001,Tabela de frete (0001 - Kamer),01/03/2022,31/12/2099,TAR0001,2906105,13
0001,Tabela de frete (0001 - Kamer),01/03/2022,31/12/2099,TAR0001,2906006,13
0001,Tabela de frete (0001 - Kamer),01/03/2022,31/12/2099,TAR0001,2905909,13
0001,Tabela de frete (0001 - Kamer),01/03/2022,31/12/2099,TAR0001,2905800,13
0001,Tabela de frete (0001 - Kamer),01/03/2022,31/12/2099,TAR0001,2905701,13
0001,Tabela de frete (0001 - Kamer),01/03/2022,31/12/2099,TAR0001,2905602,13
0001,Tabela de frete (0001 - Kamer),01/03/2022,31/12/2099,TAR0001,2905503,13
0001,Tabela de frete (0001 - Kamer),01/03/2022,31/12/2099,TAR0001,2905404,13
0001,Tabela de frete (0001 - Kamer),01/03/2022,31/12/2099,TAR0001,2905305,13
0001,Tabela de frete (0001 - Kamer),01/03/2022,31/12/2099,TAR0001,2905206,13
0001,Tabela de frete (0001 - Kamer),01/03/2022,31/12/2099,TAR0001,2905156,13
0001,Tabela de frete (0001 - Kamer),01/03/2022,31/12/2099,TAR0001,2905107,13
0001,Tabela de frete (0001 - Kamer),01/03/2022,31/12/2099,TAR0001,2905008,13
0001,Tabela de frete (0001 - Kamer),01/03/2022,31/12/2099,TAR0001,2904902,13
0001,Tabela de frete (0001 - Kamer),01/03/2022,31/12/2099,TAR0001,2904852,13
0001,Tabela de frete (0001 - Kamer),01/03/2022,31/12/2099,TAR0001,2904803,13
0001,Tabela de frete (0001 - Kamer),01/03/2022,31/12/2099,TAR0001,2904753,13
0001,Tabela de frete (0001 - Kamer),01/03/2022,31/12/2099,TAR0001,2904704,13
0001,Tabela de frete (0001 - Kamer),01/03/2022,31/12/2099,TAR0001,2904605,13
0001,Tabela de frete (0001 - Kamer),01/03/2022,31/12/2099,TAR0001,2904506,13
0001,Tabela de frete (0001 - Kamer),01/03/2022,31/12/2099,TAR0001,2904407,13
0001,Tabela de frete (0001 - Kamer),01/03/2022,31/12/2099,TAR0001,2904308,13
0001,Tabela de frete (0001 - Kamer),01/03/2022,31/12/2099,TAR0001,2904209,13
0001,Tabela de frete (0001 - Kamer),01/03/2022,31/12/2099,TAR0001,2904100,13
0001,Tabela de frete (0001 - Kamer),01/03/2022,31/12/2099,TAR0001,2904050,13
0001,Tabela de frete (0001 - Kamer),01/03/2022,31/12/2099,TAR0001,2904001,13
0001,Tabela de frete (0001 - Kamer),01/03/2022,31/12/2099,TAR0001,2903953,13
0001,Tabela de frete (0001 - Kamer),01/03/2022,31/12/2099,TAR0001,2903904,13
0001,Tabela de frete (0001 - Kamer),01/03/2022,31/12/2099,TAR0001,2903805,13
0001,Tabela de frete (0001 - Kamer),01/03/2022,31/12/2099,TAR0001,2903706,13
0001,Tabela de frete (0001 - Kamer),01/03/2022,31/12/2099,TAR0001,2903607,13
0001,Tabela de frete (0001 - Kamer),01/03/2022,31/12/2099,TAR0001,2903508,13
0001,Tabela de frete (0001 - Kamer),01/03/2022,31/12/2099,TAR0001,2903409,13
0001,Tabela de frete (0001 - Kamer),01/03/2022,31/12/2099,TAR0001,2903276,13
0001,Tabela de frete (0001 - Kamer),01/03/2022,31/12/2099,TAR0001,2903300,13
0001,Tabela de frete (0001 - Kamer),01/03/2022,31/12/2099,TAR0001,2903235,13
0001,Tabela de frete (0001 - Kamer),01/03/2022,31/12/2099,TAR0001,2903102,13
0001,Tabela de frete (0001 - Kamer),01/03/2022,31/12/2099,TAR0001,2903003,13
0001,Tabela de frete (0001 - Kamer),01/03/2022,31/12/2099,TAR0001,2902906,13
0001,Tabela de frete (0001 - Kamer),01/03/2022,31/12/2099,TAR0001,2902807,13
0001,Tabela de frete (0001 - Kamer),01/03/2022,31/12/2099,TAR0001,2902708,13
0001,Tabela de frete (0001 - Kamer),01/03/2022,31/12/2099,TAR0001,2902658,13
0001,Tabela de frete (0001 - Kamer),01/03/2022,31/12/2099,TAR0001,2902609,13
0001,Tabela de frete (0001 - Kamer),01/03/2022,31/12/2099,TAR0001,2902500,13
0001,Tabela de frete (0001 - Kamer),01/03/2022,31/12/2099,TAR0001,2902401,13
0001,Tabela de frete (0001 - Kamer),01/03/2022,31/12/2099,TAR0001,2902302,13
0001,Tabela de frete (0001 - Kamer),01/03/2022,31/12/2099,TAR0001,2902252,13
0001,Tabela de frete (0001 - Kamer),01/03/2022,31/12/2099,TAR0001,2902203,13
0001,Tabela de frete (0001 - Kamer),01/03/2022,31/12/2099,TAR0001,2902104,13
0001,Tabela de frete (0001 - Kamer),01/03/2022,31/12/2099,TAR0001,2902005,13
0001,Tabela de frete (0001 - Kamer),01/03/2022,31/12/2099,TAR0001,2902054,13
0001,Tabela de frete (0001 - Kamer),01/03/2022,31/12/2099,TAR0001,2901957,13
0001,Tabela de frete (0001 - Kamer),01/03/2022,31/12/2099,TAR0001,2901908,13
0001,Tabela de frete (0001 - Kamer),01/03/2022,31/12/2099,TAR0001,2901809,13
0001,Tabela de frete (0001 - Kamer),01/03/2022,31/12/2099,TAR0001,2901700,13
0001,Tabela de frete (0001 - Kamer),01/03/2022,31/12/2099,TAR0001,2901601,13
0001,Tabela de frete (0001 - Kamer),01/03/2022,31/12/2099,TAR0001,2901502,13
0001,Tabela de frete (0001 - Kamer),01/03/2022,31/12/2099,TAR0001,2901403,13
0001,Tabela de frete (0001 - Kamer),01/03/2022,31/12/2099,TAR0001,2901353,13
0001,Tabela de frete (0001 - Kamer),01/03/2022,31/12/2099,TAR0001,2910909,13
0001,Tabela de frete (0001 - Kamer),01/03/2022,31/12/2099,TAR0001,2910859,13
0001,Tabela de frete (0001 - Kamer),01/03/2022,31/12/2099,TAR0001,2910800,13
0001,Tabela de frete (0001 - Kamer),01/03/2022,31/12/2099,TAR0001,2910776,13
0001,Tabela de frete (0001 - Kamer),01/03/2022,31/12/2099,TAR0001,2910750,13
0001,Tabela de frete (0001 - Kamer),01/03/2022,31/12/2099,TAR0001,2910727,13
0001,Tabela de frete (0001 - Kamer),01/03/2022,31/12/2099,TAR0001,2910701,13
0001,Tabela de frete (0001 - Kamer),01/03/2022,31/12/2099,TAR0001,2910602,13
0001,Tabela de frete (0001 - Kamer),01/03/2022,31/12/2099,TAR0001,2900504,13
0001,Tabela de frete (0001 - Kamer),01/03/2022,31/12/2099,TAR0001,2910503,13
0001,Tabela de frete (0001 - Kamer),01/03/2022,31/12/2099,TAR0001,2910404,13
0001,Tabela de frete (0001 - Kamer),01/03/2022,31/12/2099,TAR0001,2910305,13
0001,Tabela de frete (0001 - Kamer),01/03/2022,31/12/2099,TAR0001,2910206,13
0001,Tabela de frete (0001 - Kamer),01/03/2022,31/12/2099,TAR0001,2910107,13
0001,Tabela de frete (0001 - Kamer),01/03/2022,31/12/2099,TAR0001,2910057,13
0001,Tabela de frete (0001 - Kamer),01/03/2022,31/12/2099,TAR0001,2910008,13
0001,Tabela de frete (0001 - Kamer),01/03/2022,31/12/2099,TAR0001,2909901,13
0001,Tabela de frete (0001 - Kamer),01/03/2022,31/12/2099,TAR0001,2909802,13
0001,Tabela de frete (0001 - Kamer),01/03/2022,31/12/2099,TAR0001,2909703,13
0001,Tabela de frete (0001 - Kamer),01/03/2022,31/12/2099,TAR0001,2909604,13
0001,Tabela de frete (0001 - Kamer),01/03/2022,31/12/2099,TAR0001,2909505,13
0001,Tabela de frete (0001 - Kamer),01/03/2022,31/12/2099,TAR0001,2909406,13
0001,Tabela de frete (0001 - Kamer),01/03/2022,31/12/2099,TAR0001,2909307,13
0001,Tabela de frete (0001 - Kamer),01/03/2022,31/12/2099,TAR0001,2909208,13
0001,Tabela de frete (0001 - Kamer),01/03/2022,31/12/2099,TAR0001,2909109,13
0001,Tabela de frete (0001 - Kamer),01/03/2022,31/12/2099,TAR0001,2909000,13
0001,Tabela de frete (0001 - Kamer),01/03/2022,31/12/2099,TAR0001,2908903,13
0001,Tabela de frete (0001 - Kamer),01/03/2022,31/12/2099,TAR0001,2908804,13
0001,Tabela de frete (0001 - Kamer),01/03/2022,31/12/2099,TAR0001,2908705,13
0001,Tabela de frete (0001 - Kamer),01/03/2022,31/12/2099,TAR0001,2908606,13
0001,Tabela de frete (0001 - Kamer),01/03/2022,31/12/2099,TAR0001,2908507,13
0001,Tabela de frete (0001 - Kamer),01/03/2022,31/12/2099,TAR0001,2908408,13
0001,Tabela de frete (0001 - Kamer),01/03/2022,31/12/2099,TAR0001,2908309,13
0001,Tabela de frete (0001 - Kamer),01/03/2022,31/12/2099,TAR0001,2908200,13
0001,Tabela de frete (0001 - Kamer),01/03/2022,31/12/2099,TAR0001,2908101,13
0001,Tabela de frete (0001 - Kamer),01/03/2022,31/12/2099,TAR0001,2908002,13
0001,Tabela de frete (0001 - Kamer),01/03/2022,31/12/2099,TAR0001,2907905,13
0001,Tabela de frete (0001 - Kamer),01/03/2022,31/12/2099,TAR0001,2907806,13
0001,Tabela de frete (0001 - Kamer),01/03/2022,31/12/2099,TAR0001,2907707,13
0001,Tabela de frete (0001 - Kamer),01/03/2022,31/12/2099,TAR0001,2907608,13
0001,Tabela de frete (0001 - Kamer),01/03/2022,31/12/2099,TAR0001,2907558,13
0001,Tabela de frete (0001 - Kamer),01/03/2022,31/12/2099,TAR0001,2907509,13
0001,Tabela de frete (0001 - Kamer),01/03/2022,31/12/2099,TAR0001,2907400,13
0001,Tabela de frete (0001 - Kamer),01/03/2022,31/12/2099,TAR0001,2907301,13
0001,Tabela de frete (0001 - Kamer),01/03/2022,31/12/2099,TAR0001,2907202,13
0001,Tabela de frete (0001 - Kamer),01/03/2022,31/12/2099,TAR0001,2907103,13
0001,Tabela de frete (0001 - Kamer),01/03/2022,31/12/2099,TAR0001,2907004,13
0001,Tabela de frete (0001 - Kamer),01/03/2022,31/12/2099,TAR0001,2906907,13
0001,Tabela de frete (0001 - Kamer),01/03/2022,31/12/2099,TAR0001,2906899,13
0001,Tabela de frete (0001 - Kamer),01/03/2022,31/12/2099,TAR0001,2906873,13
0001,Tabela de frete (0001 - Kamer),01/03/2022,31/12/2099,TAR0001,2906857,13
0001,Tabela de frete (0001 - Kamer),01/03/2022,31/12/2099,TAR0001,2906824,13
0001,Tabela de frete (0001 - Kamer),01/03/2022,31/12/2099,TAR0001,2906808,13
0001,Tabela de frete (0001 - Kamer),01/03/2022,31/12/2099,TAR0001,2906709,13
0001,Tabela de frete (0001 - Kamer),01/03/2022,31/12/2099,TAR0001,2906600,13
0001,Tabela de frete (0001 - Kamer),01/03/2022,31/12/2099,TAR0001,2906501,13
0001,Tabela de frete (0001 - Kamer),01/03/2022,31/12/2099,TAR0001,2906402,13
0001,Tabela de frete (0001 - Kamer),01/03/2022,31/12/2099,TAR0001,2906303,13
0001,Tabela de frete (0001 - Kamer),01/03/2022,31/12/2099,TAR0001,2906204,13
0001,Tabela de frete (0001 - Kamer),01/03/2022,31/12/2099,TAR0001,2916203,13
0001,Tabela de frete (0001 - Kamer),01/03/2022,31/12/2099,TAR0001,2916104,13
0001,Tabela de frete (0001 - Kamer),01/03/2022,31/12/2099,TAR0001,2916005,13
0001,Tabela de frete (0001 - Kamer),01/03/2022,31/12/2099,TAR0001,2915908,13
0001,Tabela de frete (0001 - Kamer),01/03/2022,31/12/2099,TAR0001,2915809,13
0001,Tabela de frete (0001 - Kamer),01/03/2022,31/12/2099,TAR0001,2915700,13
0001,Tabela de frete (0001 - Kamer),01/03/2022,31/12/2099,TAR0001,2915601,13
0001,Tabela de frete (0001 - Kamer),01/03/2022,31/12/2099,TAR0001,2915502,13
0001,Tabela de frete (0001 - Kamer),01/03/2022,31/12/2099,TAR0001,2915403,13
0001,Tabela de frete (0001 - Kamer),01/03/2022,31/12/2099,TAR0001,2915353,13
0001,Tabela de frete (0001 - Kamer),01/03/2022,31/12/2099,TAR0001,2915304,13
0001,Tabela de frete (0001 - Kamer),01/03/2022,31/12/2099,TAR0001,2915205,13
0001,Tabela de frete (0001 - Kamer),01/03/2022,31/12/2099,TAR0001,2915106,13
0001,Tabela de frete (0001 - Kamer),01/03/2022,31/12/2099,TAR0001,2915007,13
0001,Tabela de frete (0001 - Kamer),01/03/2022,31/12/2099,TAR0001,2914901,13
0001,Tabela de frete (0001 - Kamer),01/03/2022,31/12/2099,TAR0001,2914802,13
0001,Tabela de frete (0001 - Kamer),01/03/2022,31/12/2099,TAR0001,2914703,13
0001,Tabela de frete (0001 - Kamer),01/03/2022,31/12/2099,TAR0001,2914653,13
0001,Tabela de frete (0001 - Kamer),01/03/2022,31/12/2099,TAR0001,2914604,13
0001,Tabela de frete (0001 - Kamer),01/03/2022,31/12/2099,TAR0001,2914505,13
0001,Tabela de frete (0001 - Kamer),01/03/2022,31/12/2099,TAR0001,2914406,13
0001,Tabela de frete (0001 - Kamer),01/03/2022,31/12/2099,TAR0001,2914307,13
0001,Tabela de frete (0001 - Kamer),01/03/2022,31/12/2099,TAR0001,2914208,13
0001,Tabela de frete (0001 - Kamer),01/03/2022,31/12/2099,TAR0001,2914109,13
0001,Tabela de frete (0001 - Kamer),01/03/2022,31/12/2099,TAR0001,2914000,13
0001,Tabela de frete (0001 - Kamer),01/03/2022,31/12/2099,TAR0001,2913903,13
0001,Tabela de frete (0001 - Kamer),01/03/2022,31/12/2099,TAR0001,2913804,13
0001,Tabela de frete (0001 - Kamer),01/03/2022,31/12/2099,TAR0001,2913705,13
0001,Tabela de frete (0001 - Kamer),01/03/2022,31/12/2099,TAR0001,2913606,13
0001,Tabela de frete (0001 - Kamer),01/03/2022,31/12/2099,TAR0001,2913507,13
0001,Tabela de frete (0001 - Kamer),01/03/2022,31/12/2099,TAR0001,2913457,13
0001,Tabela de frete (0001 - Kamer),01/03/2022,31/12/2099,TAR0001,2913408,13
0001,Tabela de frete (0001 - Kamer),01/03/2022,31/12/2099,TAR0001,2913309,13
0001,Tabela de frete (0001 - Kamer),01/03/2022,31/12/2099,TAR0001,2913200,13
0001,Tabela de frete (0001 - Kamer),01/03/2022,31/12/2099,TAR0001,2913101,13
0001,Tabela de frete (0001 - Kamer),01/03/2022,31/12/2099,TAR0001,2913002,13
0001,Tabela de frete (0001 - Kamer),01/03/2022,31/12/2099,TAR0001,2912905,13
0001,Tabela de frete (0001 - Kamer),01/03/2022,31/12/2099,TAR0001,2912806,13
0001,Tabela de frete (0001 - Kamer),01/03/2022,31/12/2099,TAR0001,2912707,13
0001,Tabela de frete (0001 - Kamer),01/03/2022,31/12/2099,TAR0001,2912608,13
0001,Tabela de frete (0001 - Kamer),01/03/2022,31/12/2099,TAR0001,2912509,13
0001,Tabela de frete (0001 - Kamer),01/03/2022,31/12/2099,TAR0001,2912400,13
0001,Tabela de frete (0001 - Kamer),01/03/2022,31/12/2099,TAR0001,2912301,13
0001,Tabela de frete (0001 - Kamer),01/03/2022,31/12/2099,TAR0001,2912202,13
0001,Tabela de frete (0001 - Kamer),01/03/2022,31/12/2099,TAR0001,2912103,13
0001,Tabela de frete (0001 - Kamer),01/03/2022,31/12/2099,TAR0001,2912004,13
0001,Tabela de frete (0001 - Kamer),01/03/2022,31/12/2099,TAR0001,2911907,13
0001,Tabela de frete (0001 - Kamer),01/03/2022,31/12/2099,TAR0001,2911857,13
0001,Tabela de frete (0001 - Kamer),01/03/2022,31/12/2099,TAR0001,2911808,13
0001,Tabela de frete (0001 - Kamer),01/03/2022,31/12/2099,TAR0001,2911709,13
0001,Tabela de frete (0001 - Kamer),01/03/2022,31/12/2099,TAR0001,2911659,13
0001,Tabela de frete (0001 - Kamer),01/03/2022,31/12/2099,TAR0001,2911600,13
0001,Tabela de frete (0001 - Kamer),01/03/2022,31/12/2099,TAR0001,2911501,13
0001,Tabela de frete (0001 - Kamer),01/03/2022,31/12/2099,TAR0001,2911402,13
0001,Tabela de frete (0001 - Kamer),01/03/2022,31/12/2099,TAR0001,2911303,13
0001,Tabela de frete (0001 - Kamer),01/03/2022,31/12/2099,TAR0001,2911253,13
0001,Tabela de frete (0001 - Kamer),01/03/2022,31/12/2099,TAR0001,2911204,13
0001,Tabela de frete (0001 - Kamer),01/03/2022,31/12/2099,TAR0001,2911105,13
0001,Tabela de frete (0001 - Kamer),01/03/2022,31/12/2099,TAR0001,2911006,13
0001,Tabela de frete (0001 - Kamer),01/03/2022,31/12/2099,TAR0001,2920908,13
0001,Tabela de frete (0001 - Kamer),01/03/2022,31/12/2099,TAR0001,2920809,13
0001,Tabela de frete (0001 - Kamer),01/03/2022,31/12/2099,TAR0001,2920700,13
0001,Tabela de frete (0001 - Kamer),01/03/2022,31/12/2099,TAR0001,2920601,13
0001,Tabela de frete (0001 - Kamer),01/03/2022,31/12/2099,TAR0001,2920502,13
0001,Tabela de frete (0001 - Kamer),01/03/2022,31/12/2099,TAR0001,2920452,13
0001,Tabela de frete (0001 - Kamer),01/03/2022,31/12/2099,TAR0001,2920403,13
0001,Tabela de frete (0001 - Kamer),01/03/2022,31/12/2099,TAR0001,2920304,13
0001,Tabela de frete (0001 - Kamer),01/03/2022,31/12/2099,TAR0001,2920205,13
0001,Tabela de frete (0001 - Kamer),01/03/2022,31/12/2099,TAR0001,2920106,13
0001,Tabela de frete (0001 - Kamer),01/03/2022,31/12/2099,TAR0001,2920007,13
0001,Tabela de frete (0001 - Kamer),01/03/2022,31/12/2099,TAR0001,2919959,13
0001,Tabela de frete (0001 - Kamer),01/03/2022,31/12/2099,TAR0001,2919926,13
0001,Tabela de frete (0001 - Kamer),01/03/2022,31/12/2099,TAR0001,2919900,13
0001,Tabela de frete (0001 - Kamer),01/03/2022,31/12/2099,TAR0001,2919801,13
0001,Tabela de frete (0001 - Kamer),01/03/2022,31/12/2099,TAR0001,2919702,13
0001,Tabela de frete (0001 - Kamer),01/03/2022,31/12/2099,TAR0001,2919603,13
0001,Tabela de frete (0001 - Kamer),01/03/2022,31/12/2099,TAR0001,2919504,13
0001,Tabela de frete (0001 - Kamer),01/03/2022,31/12/2099,TAR0001,2919405,13
0001,Tabela de frete (0001 - Kamer),01/03/2022,31/12/2099,TAR0001,2919306,13
0001,Tabela de frete (0001 - Kamer),01/03/2022,31/12/2099,TAR0001,2919207,13
0001,Tabela de frete (0001 - Kamer),01/03/2022,31/12/2099,TAR0001,2919157,13
0001,Tabela de frete (0001 - Kamer),01/03/2022,31/12/2099,TAR0001,2919108,13
0001,Tabela de frete (0001 - Kamer),01/03/2022,31/12/2099,TAR0001,2919058,13
0001,Tabela de frete (0001 - Kamer),01/03/2022,31/12/2099,TAR0001,2919009,13
0001,Tabela de frete (0001 - Kamer),01/03/2022,31/12/2099,TAR0001,2918902,13
0001,Tabela de frete (0001 - Kamer),01/03/2022,31/12/2099,TAR0001,2918803,13
0001,Tabela de frete (0001 - Kamer),01/03/2022,31/12/2099,TAR0001,2918753,13
0001,Tabela de frete (0001 - Kamer),01/03/2022,31/12/2099,TAR0001,2918704,13
0001,Tabela de frete (0001 - Kamer),01/03/2022,31/12/2099,TAR0001,2918605,13
0001,Tabela de frete (0001 - Kamer),01/03/2022,31/12/2099,TAR0001,2918555,13
0001,Tabela de frete (0001 - Kamer),01/03/2022,31/12/2099,TAR0001,2918506,13
0001,Tabela de frete (0001 - Kamer),01/03/2022,31/12/2099,TAR0001,2918456,13
0001,Tabela de frete (0001 - Kamer),01/03/2022,31/12/2099,TAR0001,2918407,13
0001,Tabela de frete (0001 - Kamer),01/03/2022,31/12/2099,TAR0001,2918357,13
0001,Tabela de frete (0001 - Kamer),01/03/2022,31/12/2099,TAR0001,2918308,13
0001,Tabela de frete (0001 - Kamer),01/03/2022,31/12/2099,TAR0001,2918100,13
0001,Tabela de frete (0001 - Kamer),01/03/2022,31/12/2099,TAR0001,2918001,13
0001,Tabela de frete (0001 - Kamer),01/03/2022,31/12/2099,TAR0001,2917904,13
0001,Tabela de frete (0001 - Kamer),01/03/2022,31/12/2099,TAR0001,2917805,13
0001,Tabela de frete (0001 - Kamer),01/03/2022,31/12/2099,TAR0001,2917706,13
0001,Tabela de frete (0001 - Kamer),01/03/2022,31/12/2099,TAR0001,2917607,13
0001,Tabela de frete (0001 - Kamer),01/03/2022,31/12/2099,TAR0001,2917508,13
0001,Tabela de frete (0001 - Kamer),01/03/2022,31/12/2099,TAR0001,2917409,13
0001,Tabela de frete (0001 - Kamer),01/03/2022,31/12/2099,TAR0001,2917359,13
0001,Tabela de frete (0001 - Kamer),01/03/2022,31/12/2099,TAR0001,2917334,13
0001,Tabela de frete (0001 - Kamer),01/03/2022,31/12/2099,TAR0001,2917300,13
0001,Tabela de frete (0001 - Kamer),01/03/2022,31/12/2099,TAR0001,2917201,13
0001,Tabela de frete (0001 - Kamer),01/03/2022,31/12/2099,TAR0001,2917102,13
0001,Tabela de frete (0001 - Kamer),01/03/2022,31/12/2099,TAR0001,2917003,13
0001,Tabela de frete (0001 - Kamer),01/03/2022,31/12/2099,TAR0001,2916906,13
0001,Tabela de frete (0001 - Kamer),01/03/2022,31/12/2099,TAR0001,2916856,13
0001,Tabela de frete (0001 - Kamer),01/03/2022,31/12/2099,TAR0001,2916807,13
0001,Tabela de frete (0001 - Kamer),01/03/2022,31/12/2099,TAR0001,2916708,13
0001,Tabela de frete (0001 - Kamer),01/03/2022,31/12/2099,TAR0001,2916609,13
0001,Tabela de frete (0001 - Kamer),01/03/2022,31/12/2099,TAR0001,2916500,13
0001,Tabela de frete (0001 - Kamer),01/03/2022,31/12/2099,TAR0001,2916401,13
0001,Tabela de frete (0001 - Kamer),01/03/2022,31/12/2099,TAR0001,2916302,13
0001,Tabela de frete (0001 - Kamer),01/03/2022,31/12/2099,TAR0001,2925303,13
0001,Tabela de frete (0001 - Kamer),01/03/2022,31/12/2099,TAR0001,2925253,13
0001,Tabela de frete (0001 - Kamer),01/03/2022,31/12/2099,TAR0001,2925204,13
0001,Tabela de frete (0001 - Kamer),01/03/2022,31/12/2099,TAR0001,2925105,13
0001,Tabela de frete (0001 - Kamer),01/03/2022,31/12/2099,TAR0001,2925006,13
0001,Tabela de frete (0001 - Kamer),01/03/2022,31/12/2099,TAR0001,2924900,13
0001,Tabela de frete (0001 - Kamer),01/03/2022,31/12/2099,TAR0001,2924801,13
0001,Tabela de frete (0001 - Kamer),01/03/2022,31/12/2099,TAR0001,2924702,13
0001,Tabela de frete (0001 - Kamer),01/03/2022,31/12/2099,TAR0001,2924678,13
0001,Tabela de frete (0001 - Kamer),01/03/2022,31/12/2099,TAR0001,2924652,13
0001,Tabela de frete (0001 - Kamer),01/03/2022,31/12/2099,TAR0001,2924603,13
0001,Tabela de frete (0001 - Kamer),01/03/2022,31/12/2099,TAR0001,2924504,13
0001,Tabela de frete (0001 - Kamer),01/03/2022,31/12/2099,TAR0001,2924405,13
0001,Tabela de frete (0001 - Kamer),01/03/2022,31/12/2099,TAR0001,2924306,13
0001,Tabela de frete (0001 - Kamer),01/03/2022,31/12/2099,TAR0001,2924207,13
0001,Tabela de frete (0001 - Kamer),01/03/2022,31/12/2099,TAR0001,2924108,13
0001,Tabela de frete (0001 - Kamer),01/03/2022,31/12/2099,TAR0001,2924058,13
0001,Tabela de frete (0001 - Kamer),01/03/2022,31/12/2099,TAR0001,2924009,13
0001,Tabela de frete (0001 - Kamer),01/03/2022,31/12/2099,TAR0001,2923902,13
0001,Tabela de frete (0001 - Kamer),01/03/2022,31/12/2099,TAR0001,2923803,13
0001,Tabela de frete (0001 - Kamer),01/03/2022,31/12/2099,TAR0001,2923704,13
0001,Tabela de frete (0001 - Kamer),01/03/2022,31/12/2099,TAR0001,2923605,13
0001,Tabela de frete (0001 - Kamer),01/03/2022,31/12/2099,TAR0001,2923506,13
0001,Tabela de frete (0001 - Kamer),01/03/2022,31/12/2099,TAR0001,2923407,13
0001,Tabela de frete (0001 - Kamer),01/03/2022,31/12/2099,TAR0001,2923357,13
0001,Tabela de frete (0001 - Kamer),01/03/2022,31/12/2099,TAR0001,2923308,13
0001,Tabela de frete (0001 - Kamer),01/03/2022,31/12/2099,TAR0001,2923209,13
0001,Tabela de frete (0001 - Kamer),01/03/2022,31/12/2099,TAR0001,2923100,13
0001,Tabela de frete (0001 - Kamer),01/03/2022,31/12/2099,TAR0001,2923050,13
0001,Tabela de frete (0001 - Kamer),01/03/2022,31/12/2099,TAR0001,2923035,13
0001,Tabela de frete (0001 - Kamer),01/03/2022,31/12/2099,TAR0001,2923001,13
0001,Tabela de frete (0001 - Kamer),01/03/2022,31/12/2099,TAR0001,2922904,13
0001,Tabela de frete (0001 - Kamer),01/03/2022,31/12/2099,TAR0001,2922854,13
0001,Tabela de frete (0001 - Kamer),01/03/2022,31/12/2099,TAR0001,2922805,13
0001,Tabela de frete (0001 - Kamer),01/03/2022,31/12/2099,TAR0001,2922755,13
0001,Tabela de frete (0001 - Kamer),01/03/2022,31/12/2099,TAR0001,2922730,13
0001,Tabela de frete (0001 - Kamer),01/03/2022,31/12/2099,TAR0001,2922706,13
0001,Tabela de frete (0001 - Kamer),01/03/2022,31/12/2099,TAR0001,2922656,13
0001,Tabela de frete (0001 - Kamer),01/03/2022,31/12/2099,TAR0001,2922607,13
0001,Tabela de frete (0001 - Kamer),01/03/2022,31/12/2099,TAR0001,2922508,13
0001,Tabela de frete (0001 - Kamer),01/03/2022,31/12/2099,TAR0001,2922409,13
0001,Tabela de frete (0001 - Kamer),01/03/2022,31/12/2099,TAR0001,2922300,13
0001,Tabela de frete (0001 - Kamer),01/03/2022,31/12/2099,TAR0001,2922201,13
0001,Tabela de frete (0001 - Kamer),01/03/2022,31/12/2099,TAR0001,2922102,13
0001,Tabela de frete (0001 - Kamer),01/03/2022,31/12/2099,TAR0001,2922052,13
0001,Tabela de frete (0001 - Kamer),01/03/2022,31/12/2099,TAR0001,2922003,13
0001,Tabela de frete (0001 - Kamer),01/03/2022,31/12/2099,TAR0001,2921906,13
0001,Tabela de frete (0001 - Kamer),01/03/2022,31/12/2099,TAR0001,2921807,13
0001,Tabela de frete (0001 - Kamer),01/03/2022,31/12/2099,TAR0001,2921708,13
0001,Tabela de frete (0001 - Kamer),01/03/2022,31/12/2099,TAR0001,2921609,13
0001,Tabela de frete (0001 - Kamer),01/03/2022,31/12/2099,TAR0001,2921500,13
0001,Tabela de frete (0001 - Kamer),01/03/2022,31/12/2099,TAR0001,2921450,13
0001,Tabela de frete (0001 - Kamer),01/03/2022,31/12/2099,TAR0001,2921401,13
0001,Tabela de frete (0001 - Kamer),01/03/2022,31/12/2099,TAR0001,2921302,13
0001,Tabela de frete (0001 - Kamer),01/03/2022,31/12/2099,TAR0001,2921203,13
0001,Tabela de frete (0001 - Kamer),01/03/2022,31/12/2099,TAR0001,2921104,13
0001,Tabela de frete (0001 - Kamer),01/03/2022,31/12/2099,TAR0001,2921054,13
0001,Tabela de frete (0001 - Kamer),01/03/2022,31/12/2099,TAR0001,2921005,13
0001,Tabela de frete (0001 - Kamer),01/03/2022,31/12/2099,TAR0001,2930204,13
0001,Tabela de frete (0001 - Kamer),01/03/2022,31/12/2099,TAR0001,2930105,13
0001,Tabela de frete (0001 - Kamer),01/03/2022,31/12/2099,TAR0001,2930006,13
0001,Tabela de frete (0001 - Kamer),01/03/2022,31/12/2099,TAR0001,2929909,13
0001,Tabela de frete (0001 - Kamer),01/03/2022,31/12/2099,TAR0001,2929800,13
0001,Tabela de frete (0001 - Kamer),01/03/2022,31/12/2099,TAR0001,2929750,13
0001,Tabela de frete (0001 - Kamer),01/03/2022,31/12/2099,TAR0001,2929701,13
0001,Tabela de frete (0001 - Kamer),01/03/2022,31/12/2099,TAR0001,2929602,13
0001,Tabela de frete (0001 - Kamer),01/03/2022,31/12/2099,TAR0001,2929503,13
0001,Tabela de frete (0001 - Kamer),01/03/2022,31/12/2099,TAR0001,2929404,13
0001,Tabela de frete (0001 - Kamer),01/03/2022,31/12/2099,TAR0001,2929370,13
0001,Tabela de frete (0001 - Kamer),01/03/2022,31/12/2099,TAR0001,2929354,13
0001,Tabela de frete (0001 - Kamer),01/03/2022,31/12/2099,TAR0001,2929305,13
0001,Tabela de frete (0001 - Kamer),01/03/2022,31/12/2099,TAR0001,2929255,13
0001,Tabela de frete (0001 - Kamer),01/03/2022,31/12/2099,TAR0001,2929206,13
0001,Tabela de frete (0001 - Kamer),01/03/2022,31/12/2099,TAR0001,2929057,13
0001,Tabela de frete (0001 - Kamer),01/03/2022,31/12/2099,TAR0001,2929008,13
0001,Tabela de frete (0001 - Kamer),01/03/2022,31/12/2099,TAR0001,2929107,13
0001,Tabela de frete (0001 - Kamer),01/03/2022,31/12/2099,TAR0001,2928950,13
0001,Tabela de frete (0001 - Kamer),01/03/2022,31/12/2099,TAR0001,2928901,13
0001,Tabela de frete (0001 - Kamer),01/03/2022,31/12/2099,TAR0001,2928802,13
0001,Tabela de frete (0001 - Kamer),01/03/2022,31/12/2099,TAR0001,2928703,13
0001,Tabela de frete (0001 - Kamer),01/03/2022,31/12/2099,TAR0001,2928604,13
0001,Tabela de frete (0001 - Kamer),01/03/2022,31/12/2099,TAR0001,2928307,13
0001,Tabela de frete (0001 - Kamer),01/03/2022,31/12/2099,TAR0001,2928208,13
0001,Tabela de frete (0001 - Kamer),01/03/2022,31/12/2099,TAR0001,2928000,13
0001,Tabela de frete (0001 - Kamer),01/03/2022,31/12/2099,TAR0001,2928505,13
0001,Tabela de frete (0001 - Kamer),01/03/2022,31/12/2099,TAR0001,2928406,13
0001,Tabela de frete (0001 - Kamer),01/03/2022,31/12/2099,TAR0001,2928109,13
0001,Tabela de frete (0001 - Kamer),01/03/2022,31/12/2099,TAR0001,2928059,13
0001,Tabela de frete (0001 - Kamer),01/03/2022,31/12/2099,TAR0001,2927903,13
0001,Tabela de frete (0001 - Kamer),01/03/2022,31/12/2099,TAR0001,2927804,13
0001,Tabela de frete (0001 - Kamer),01/03/2022,31/12/2099,TAR0001,2927705,13
0001,Tabela de frete (0001 - Kamer),01/03/2022,31/12/2099,TAR0001,2927606,13
0001,Tabela de frete (0001 - Kamer),01/03/2022,31/12/2099,TAR0001,2927507,13
0001,Tabela de frete (0001 - Kamer),01/03/2022,31/12/2099,TAR0001,2927309,13
0001,Tabela de frete (0001 - Kamer),01/03/2022,31/12/2099,TAR0001,2927200,13
0001,Tabela de frete (0001 - Kamer),01/03/2022,31/12/2099,TAR0001,2927101,13
0001,Tabela de frete (0001 - Kamer),01/03/2022,31/12/2099,TAR0001,2927002,13
0001,Tabela de frete (0001 - Kamer),01/03/2022,31/12/2099,TAR0001,2926905,13
0001,Tabela de frete (0001 - Kamer),01/03/2022,31/12/2099,TAR0001,2926806,13
0001,Tabela de frete (0001 - Kamer),01/03/2022,31/12/2099,TAR0001,2926707,13
0001,Tabela de frete (0001 - Kamer),01/03/2022,31/12/2099,TAR0001,2926657,13
0001,Tabela de frete (0001 - Kamer),01/03/2022,31/12/2099,TAR0001,2926608,13
0001,Tabela de frete (0001 - Kamer),01/03/2022,31/12/2099,TAR0001,2926509,13
0001,Tabela de frete (0001 - Kamer),01/03/2022,31/12/2099,TAR0001,2926400,13
0001,Tabela de frete (0001 - Kamer),01/03/2022,31/12/2099,TAR0001,2926301,13
0001,Tabela de frete (0001 - Kamer),01/03/2022,31/12/2099,TAR0001,2926202,13
0001,Tabela de frete (0001 - Kamer),01/03/2022,31/12/2099,TAR0001,2926103,13
0001,Tabela de frete (0001 - Kamer),01/03/2022,31/12/2099,TAR0001,2926004,13
0001,Tabela de frete (0001 - Kamer),01/03/2022,31/12/2099,TAR0001,2925956,13
0001,Tabela de frete (0001 - Kamer),01/03/2022,31/12/2099,TAR0001,2925931,13
0001,Tabela de frete (0001 - Kamer),01/03/2022,31/12/2099,TAR0001,2925907,13
0001,Tabela de frete (0001 - Kamer),01/03/2022,31/12/2099,TAR0001,2925808,13
0001,Tabela de frete (0001 - Kamer),01/03/2022,31/12/2099,TAR0001,2925758,13
0001,Tabela de frete (0001 - Kamer),01/03/2022,31/12/2099,TAR0001,2925709,13
0001,Tabela de frete (0001 - Kamer),01/03/2022,31/12/2099,TAR0001,2925600,13
0001,Tabela de frete (0001 - Kamer),01/03/2022,31/12/2099,TAR0001,2925501,13
0001,Tabela de frete (0001 - Kamer),01/03/2022,31/12/2099,TAR0001,2925402,13
0001,Tabela de frete (0001 - Kamer),01/03/2022,31/12/2099,TAR0001,5300108,19
0001,Tabela de frete (0001 - Kamer),01/03/2022,31/12/2099,TAR0007,5300108,6
0001,Tabela de frete (0001 - Kamer),01/03/2022,31/12/2099,TAR0007,5300108,6
0001,Tabela de frete (0001 - Kamer),01/03/2022,31/12/2099,TAR0007,5300108,6
0001,Tabela de frete (0001 - Kamer),01/03/2022,31/12/2099,TAR0007,5300108,6
0001,Tabela de frete (0001 - Kamer),01/03/2022,31/12/2099,TAR0007,5300108,6
0001,Tabela de frete (0001 - Kamer),01/03/2022,31/12/2099,TAR0008,2933604,6
0001,Tabela de frete (0001 - Kamer),01/03/2022,31/12/2099,TAR0008,2933505,6
0001,Tabela de frete (0001 - Kamer),01/03/2022,31/12/2099,TAR0008,2933455,6
0001,Tabela de frete (0001 - Kamer),01/03/2022,31/12/2099,TAR0008,2933406,6
0001,Tabela de frete (0001 - Kamer),01/03/2022,31/12/2099,TAR0008,2933307,6
0001,Tabela de frete (0001 - Kamer),01/03/2022,31/12/2099,TAR0008,2933257,6
0001,Tabela de frete (0001 - Kamer),01/03/2022,31/12/2099,TAR0008,2933208,6
0001,Tabela de frete (0001 - Kamer),01/03/2022,31/12/2099,TAR0008,2933174,6
0001,Tabela de frete (0001 - Kamer),01/03/2022,31/12/2099,TAR0008,2933158,6
0001,Tabela de frete (0001 - Kamer),01/03/2022,31/12/2099,TAR0008,2933109,6
0001,Tabela de frete (0001 - Kamer),01/03/2022,31/12/2099,TAR0008,2933059,6
0001,Tabela de frete (0001 - Kamer),01/03/2022,31/12/2099,TAR0008,2933000,6
0001,Tabela de frete (0001 - Kamer),01/03/2022,31/12/2099,TAR0008,2932903,6
0001,Tabela de frete (0001 - Kamer),01/03/2022,31/12/2099,TAR0008,2932804,6
0001,Tabela de frete (0001 - Kamer),01/03/2022,31/12/2099,TAR0008,2932705,6
0001,Tabela de frete (0001 - Kamer),01/03/2022,31/12/2099,TAR0008,2932606,6
0001,Tabela de frete (0001 - Kamer),01/03/2022,31/12/2099,TAR0008,2932507,6
0001,Tabela de frete (0001 - Kamer),01/03/2022,31/12/2099,TAR0008,2932457,6
0001,Tabela de frete (0001 - Kamer),01/03/2022,31/12/2099,TAR0008,2932408,6
0001,Tabela de frete (0001 - Kamer),01/03/2022,31/12/2099,TAR0008,2932309,6
0001,Tabela de frete (0001 - Kamer),01/03/2022,31/12/2099,TAR0008,2932200,6
0001,Tabela de frete (0001 - Kamer),01/03/2022,31/12/2099,TAR0008,2932101,6
0001,Tabela de frete (0001 - Kamer),01/03/2022,31/12/2099,TAR0008,2932002,6
0001,Tabela de frete (0001 - Kamer),01/03/2022,31/12/2099,TAR0008,2931905,6
0001,Tabela de frete (0001 - Kamer),01/03/2022,31/12/2099,TAR0008,2931806,6
0001,Tabela de frete (0001 - Kamer),01/03/2022,31/12/2099,TAR0008,2931707,6
0001,Tabela de frete (0001 - Kamer),01/03/2022,31/12/2099,TAR0008,2931608,6
0001,Tabela de frete (0001 - Kamer),01/03/2022,31/12/2099,TAR0008,2931509,6
0001,Tabela de frete (0001 - Kamer),01/03/2022,31/12/2099,TAR0008,2931400,6
0001,Tabela de frete (0001 - Kamer),01/03/2022,31/12/2099,TAR0008,2931350,6
0001,Tabela de frete (0001 - Kamer),01/03/2022,31/12/2099,TAR0008,2931301,6
0001,Tabela de frete (0001 - Kamer),01/03/2022,31/12/2099,TAR0008,2931202,6
0001,Tabela de frete (0001 - Kamer),01/03/2022,31/12/2099,TAR0008,2931103,6
0001,Tabela de frete (0001 - Kamer),01/03/2022,31/12/2099,TAR0008,2931053,6
0001,Tabela de frete (0001 - Kamer),01/03/2022,31/12/2099,TAR0008,2931004,6
0001,Tabela de frete (0001 - Kamer),01/03/2022,31/12/2099,TAR0008,2930907,6
0001,Tabela de frete (0001 - Kamer),01/03/2022,31/12/2099,TAR0008,2930808,6
0001,Tabela de frete (0001 - Kamer),01/03/2022,31/12/2099,TAR0008,2930774,6
0001,Tabela de frete (0001 - Kamer),01/03/2022,31/12/2099,TAR0008,2930766,6
0001,Tabela de frete (0001 - Kamer),01/03/2022,31/12/2099,TAR0008,2930758,6
0001,Tabela de frete (0001 - Kamer),01/03/2022,31/12/2099,TAR0008,2930709,6
0001,Tabela de frete (0001 - Kamer),01/03/2022,31/12/2099,TAR0008,2930600,6
0001,Tabela de frete (0001 - Kamer),01/03/2022,31/12/2099,TAR0008,2930501,6
0001,Tabela de frete (0001 - Kamer),01/03/2022,31/12/2099,TAR0008,2930402,6
0001,Tabela de frete (0001 - Kamer),01/03/2022,31/12/2099,TAR0008,2930303,6
0001,Tabela de frete (0001 - Kamer),01/03/2022,31/12/2099,TAR0008,2930154,6
0001,Tabela de frete (0001 - Kamer),01/03/2022,31/12/2099,TAR0008,5205497,13
0001,Tabela de frete (0001 - Kamer),01/03/2022,31/12/2099,TAR0008,5205455,13
0001,Tabela de frete (0001 - Kamer),01/03/2022,31/12/2099,TAR0008,5205406,13
0001,Tabela de frete (0001 - Kamer),01/03/2022,31/12/2099,TAR0008,5205208,13
0001,Tabela de frete (0001 - Kamer),01/03/2022,31/12/2099,TAR0008,5205109,6
0001,Tabela de frete (0001 - Kamer),01/03/2022,31/12/2099,TAR0008,5205059,13
0001,Tabela de frete (0001 - Kamer),01/03/2022,31/12/2099,TAR0008,5205000,13
0001,Tabela de frete (0001 - Kamer),01/03/2022,31/12/2099,TAR0008,5204607,13
0001,Tabela de frete (0001 - Kamer),01/03/2022,31/12/2099,TAR0008,5204557,12
0001,Tabela de frete (0001 - Kamer),01/03/2022,31/12/2099,TAR0008,5204508,13
0001,Tabela de frete (0001 - Kamer),01/03/2022,31/12/2099,TAR0008,5204250,13
0001,Tabela de frete (0001 - Kamer),01/03/2022,31/12/2099,TAR0008,5204201,13
0001,Tabela de frete (0001 - Kamer),01/03/2022,31/12/2099,TAR0008,5204102,13
0001,Tabela de frete (0001 - Kamer),01/03/2022,31/12/2099,TAR0008,5203939,13
0001,Tabela de frete (0001 - Kamer),01/03/2022,31/12/2099,TAR0008,5203906,13
0001,Tabela de frete (0001 - Kamer),01/03/2022,31/12/2099,TAR0008,5203609,13
0001,Tabela de frete (0001 - Kamer),01/03/2022,31/12/2099,TAR0008,5203559,13
0001,Tabela de frete (0001 - Kamer),01/03/2022,31/12/2099,TAR0008,5203302,13
0001,Tabela de frete (0001 - Kamer),01/03/2022,31/12/2099,TAR0008,5203203,13
0001,Tabela de frete (0001 - Kamer),01/03/2022,31/12/2099,TAR0008,5202809,13
0001,Tabela de frete (0001 - Kamer),01/03/2022,31/12/2099,TAR0008,5202601,13
0001,Tabela de frete (0001 - Kamer),01/03/2022,31/12/2099,TAR0008,5202502,13
0001,Tabela de frete (0001 - Kamer),01/03/2022,31/12/2099,TAR0008,5202353,13
0001,Tabela de frete (0001 - Kamer),01/03/2022,31/12/2099,TAR0008,5202155,14
0001,Tabela de frete (0001 - Kamer),01/03/2022,31/12/2099,TAR0008,5201801,13
0001,Tabela de frete (0001 - Kamer),01/03/2022,31/12/2099,TAR0008,5201603,13
0001,Tabela de frete (0001 - Kamer),01/03/2022,31/12/2099,TAR0008,5201306,13
0001,Tabela de frete (0001 - Kamer),01/03/2022,31/12/2099,TAR0008,5201108,12
0001,Tabela de frete (0001 - Kamer),01/03/2022,31/12/2099,TAR0008,5200902,13
0001,Tabela de frete (0001 - Kamer),01/03/2022,31/12/2099,TAR0008,5200852,13
0001,Tabela de frete (0001 - Kamer),01/03/2022,31/12/2099,TAR0008,5200506,13
0001,Tabela de frete (0001 - Kamer),01/03/2022,31/12/2099,TAR0008,5200308,13
0001,Tabela de frete (0001 - Kamer),01/03/2022,31/12/2099,TAR0008,5200258,13
0001,Tabela de frete (0001 - Kamer),01/03/2022,31/12/2099,TAR0008,5200209,13
0001,Tabela de frete (0001 - Kamer),01/03/2022,31/12/2099,TAR0008,5200159,13
0001,Tabela de frete (0001 - Kamer),01/03/2022,31/12/2099,TAR0008,5200134,13
0001,Tabela de frete (0001 - Kamer),01/03/2022,31/12/2099,TAR0008,5200100,13
0001,Tabela de frete (0001 - Kamer),01/03/2022,31/12/2099,TAR0008,5200050,13
0001,Tabela de frete (0001 - Kamer),01/03/2022,31/12/2099,TAR0009,5300108,13
0001,Tabela de frete (0001 - Kamer),01/03/2022,31/12/2099,TAR0009,5300108,13
0001,Tabela de frete (0001 - Kamer),01/03/2022,31/12/2099,TAR0009,5300108,13
0001,Tabela de frete (0001 - Kamer),01/03/2022,31/12/2099,TAR0009,5300108,13
0001,Tabela de frete (0001 - Kamer),01/03/2022,31/12/2099,TAR0009,5300108,13
0001,Tabela de frete (0001 - Kamer),01/03/2022,31/12/2099,TAR0009,5300108,13
0001,Tabela de frete (0001 - Kamer),01/03/2022,31/12/2099,TAR0009,5300108,13
0001,Tabela de frete (0001 - Kamer),01/03/2022,31/12/2099,TAR0009,5300108,13
0001,Tabela de frete (0001 - Kamer),01/03/2022,31/12/2099,TAR0009,5300108,13
0001,Tabela de frete (0001 - Kamer),01/03/2022,31/12/2099,TAR0009,5300108,13
0001,Tabela de frete (0001 - Kamer),01/03/2022,31/12/2099,TAR0009,5300108,13
0001,Tabela de frete (0001 - Kamer),01/03/2022,31/12/2099,TAR0009,5300108,13
0001,Tabela de frete (0001 - Kamer),01/03/2022,31/12/2099,TAR0009,5300108,13
0001,Tabela de frete (0001 - Kamer),01/03/2022,31/12/2099,TAR0009,5300108,13
0001,Tabela de frete (0001 - Kamer),01/03/2022,31/12/2099,TAR0009,5213855,7
0001,Tabela de frete (0001 - Kamer),01/03/2022,31/12/2099,TAR0009,5213806,7
0001,Tabela de frete (0001 - Kamer),01/03/2022,31/12/2099,TAR0009,5213772,7
0001,Tabela de frete (0001 - Kamer),01/03/2022,31/12/2099,TAR0009,5213756,7
0001,Tabela de frete (0001 - Kamer),01/03/2022,31/12/2099,TAR0009,5213400,7
0001,Tabela de frete (0001 - Kamer),01/03/2022,31/12/2099,TAR0009,5213004,7
0001,Tabela de frete (0001 - Kamer),01/03/2022,31/12/2099,TAR0009,5212956,7
0001,Tabela de frete (0001 - Kamer),01/03/2022,31/12/2099,TAR0009,5212907,7
0001,Tabela de frete (0001 - Kamer),01/03/2022,31/12/2099,TAR0009,5212600,7
0001,Tabela de frete (0001 - Kamer),01/03/2022,31/12/2099,TAR0009,5212501,7
0001,Tabela de frete (0001 - Kamer),01/03/2022,31/12/2099,TAR0009,5212303,7
0001,Tabela de frete (0001 - Kamer),01/03/2022,31/12/2099,TAR0009,5212204,7
0001,Tabela de frete (0001 - Kamer),01/03/2022,31/12/2099,TAR0009,5212105,7
0001,Tabela de frete (0001 - Kamer),01/03/2022,31/12/2099,TAR0009,5212055,7
0001,Tabela de frete (0001 - Kamer),01/03/2022,31/12/2099,TAR0009,5212006,7
0001,Tabela de frete (0001 - Kamer),01/03/2022,31/12/2099,TAR0009,5211800,7
0001,Tabela de frete (0001 - Kamer),01/03/2022,31/12/2099,TAR0009,5211701,7
0001,Tabela de frete (0001 - Kamer),01/03/2022,31/12/2099,TAR0009,5211602,7
0001,Tabela de frete (0001 - Kamer),01/03/2022,31/12/2099,TAR0009,5211503,7
0001,Tabela de frete (0001 - Kamer),01/03/2022,31/12/2099,TAR0009,5211404,7
0001,Tabela de frete (0001 - Kamer),01/03/2022,31/12/2099,TAR0009,5211206,7
0001,Tabela de frete (0001 - Kamer),01/03/2022,31/12/2099,TAR0009,5211008,7
0001,Tabela de frete (0001 - Kamer),01/03/2022,31/12/2099,TAR0009,5210901,7
0001,Tabela de frete (0001 - Kamer),01/03/2022,31/12/2099,TAR0009,5210604,7
0001,Tabela de frete (0001 - Kamer),01/03/2022,31/12/2099,TAR0009,5210562,7
0001,Tabela de frete (0001 - Kamer),01/03/2022,31/12/2099,TAR0009,5210406,7
0001,Tabela de frete (0001 - Kamer),01/03/2022,31/12/2099,TAR0009,5210307,7
0001,Tabela de frete (0001 - Kamer),01/03/2022,31/12/2099,TAR0009,5210208,7
0001,Tabela de frete (0001 - Kamer),01/03/2022,31/12/2099,TAR0009,5210109,7
0001,Tabela de frete (0001 - Kamer),01/03/2022,31/12/2099,TAR0009,5210000,7
0001,Tabela de frete (0001 - Kamer),01/03/2022,31/12/2099,TAR0009,5209952,7
0001,Tabela de frete (0001 - Kamer),01/03/2022,31/12/2099,TAR0009,5209804,7
0001,Tabela de frete (0001 - Kamer),01/03/2022,31/12/2099,TAR0009,5209705,7
0001,Tabela de frete (0001 - Kamer),01/03/2022,31/12/2099,TAR0009,5209606,7
0001,Tabela de frete (0001 - Kamer),01/03/2022,31/12/2099,TAR0009,5209457,7
0001,Tabela de frete (0001 - Kamer),01/03/2022,31/12/2099,TAR0009,5209291,7
0001,Tabela de frete (0001 - Kamer),01/03/2022,31/12/2099,TAR0009,5209200,7
0001,Tabela de frete (0001 - Kamer),01/03/2022,31/12/2099,TAR0009,5209101,7
0001,Tabela de frete (0001 - Kamer),01/03/2022,31/12/2099,TAR0009,5208905,7
0001,Tabela de frete (0001 - Kamer),01/03/2022,31/12/2099,TAR0009,5208806,7
0001,Tabela de frete (0001 - Kamer),01/03/2022,31/12/2099,TAR0009,5208608,7
0001,Tabela de frete (0001 - Kamer),01/03/2022,31/12/2099,TAR0009,5208400,7
0001,Tabela de frete (0001 - Kamer),01/03/2022,31/12/2099,TAR0009,5208152,7
0001,Tabela de frete (0001 - Kamer),01/03/2022,31/12/2099,TAR0009,5208004,7
0001,Tabela de frete (0001 - Kamer),01/03/2022,31/12/2099,TAR0009,5207808,7
0001,Tabela de frete (0001 - Kamer),01/03/2022,31/12/2099,TAR0009,5207600,7
0001,Tabela de frete (0001 - Kamer),01/03/2022,31/12/2099,TAR0009,5207535,7
0001,Tabela de frete (0001 - Kamer),01/03/2022,31/12/2099,TAR0009,5207402,7
0001,Tabela de frete (0001 - Kamer),01/03/2022,31/12/2099,TAR0009,5207352,7
0001,Tabela de frete (0001 - Kamer),01/03/2022,31/12/2099,TAR0009,5207105,7
0001,Tabela de frete (0001 - Kamer),01/03/2022,31/12/2099,TAR0009,5206800,7
0001,Tabela de frete (0001 - Kamer),01/03/2022,31/12/2099,TAR0009,5206602,7
0001,Tabela de frete (0001 - Kamer),01/03/2022,31/12/2099,TAR0009,5206503,7
0001,Tabela de frete (0001 - Kamer),01/03/2022,31/12/2099,TAR0009,5206305,7
0001,Tabela de frete (0001 - Kamer),01/03/2022,31/12/2099,TAR0009,5206206,14
0001,Tabela de frete (0001 - Kamer),01/03/2022,31/12/2099,TAR0009,5205901,14
0001,Tabela de frete (0001 - Kamer),01/03/2022,31/12/2099,TAR0009,5205802,14
0001,Tabela de frete (0001 - Kamer),01/03/2022,31/12/2099,TAR0009,5205703,14
0001,Tabela de frete (0001 - Kamer),01/03/2022,31/12/2099,TAR0009,5205513,14
0001,Tabela de frete (0001 - Kamer),01/03/2022,31/12/2099,TAR0009,5221809,7
0001,Tabela de frete (0001 - Kamer),01/03/2022,31/12/2099,TAR0009,5221551,7
0001,Tabela de frete (0001 - Kamer),01/03/2022,31/12/2099,TAR0009,5221502,7
0001,Tabela de frete (0001 - Kamer),01/03/2022,31/12/2099,TAR0009,5221403,7
0001,Tabela de frete (0001 - Kamer),01/03/2022,31/12/2099,TAR0009,5221197,7
0001,Tabela de frete (0001 - Kamer),01/03/2022,31/12/2099,TAR0009,5221007,7
0001,Tabela de frete (0001 - Kamer),01/03/2022,31/12/2099,TAR0009,5220603,7
0001,Tabela de frete (0001 - Kamer),01/03/2022,31/12/2099,TAR0009,5220454,7
0001,Tabela de frete (0001 - Kamer),01/03/2022,31/12/2099,TAR0009,5220280,7
0001,Tabela de frete (0001 - Kamer),01/03/2022,31/12/2099,TAR0009,5220264,7
0001,Tabela de frete (0001 - Kamer),01/03/2022,31/12/2099,TAR0009,5220157,7
0001,Tabela de frete (0001 - Kamer),01/03/2022,31/12/2099,TAR0009,5220108,7
0001,Tabela de frete (0001 - Kamer),01/03/2022,31/12/2099,TAR0009,5220058,7
0001,Tabela de frete (0001 - Kamer),01/03/2022,31/12/2099,TAR0009,5219902,7
0001,Tabela de frete (0001 - Kamer),01/03/2022,31/12/2099,TAR0009,5219753,7
0001,Tabela de frete (0001 - Kamer),01/03/2022,31/12/2099,TAR0009,5219738,7
0001,Tabela de frete (0001 - Kamer),01/03/2022,31/12/2099,TAR0009,5219712,7
0001,Tabela de frete (0001 - Kamer),01/03/2022,31/12/2099,TAR0009,5219506,7
0001,Tabela de frete (0001 - Kamer),01/03/2022,31/12/2099,TAR0009,5219456,7
0001,Tabela de frete (0001 - Kamer),01/03/2022,31/12/2099,TAR0009,5219407,7
0001,Tabela de frete (0001 - Kamer),01/03/2022,31/12/2099,TAR0009,5219357,7
0001,Tabela de frete (0001 - Kamer),01/03/2022,31/12/2099,TAR0009,5219308,7
0001,Tabela de frete (0001 - Kamer),01/03/2022,31/12/2099,TAR0009,5219258,7
0001,Tabela de frete (0001 - Kamer),01/03/2022,31/12/2099,TAR0009,5219209,7
0001,Tabela de frete (0001 - Kamer),01/03/2022,31/12/2099,TAR0009,5219100,7
0001,Tabela de frete (0001 - Kamer),01/03/2022,31/12/2099,TAR0009,5219001,7
0001,Tabela de frete (0001 - Kamer),01/03/2022,31/12/2099,TAR0009,5218904,7
0001,Tabela de frete (0001 - Kamer),01/03/2022,31/12/2099,TAR0009,5204854,7
0001,Tabela de frete (0001 - Kamer),01/03/2022,31/12/2099,TAR0009,5218805,7
0001,Tabela de frete (0001 - Kamer),01/03/2022,31/12/2099,TAR0009,5218789,7
0001,Tabela de frete (0001 - Kamer),01/03/2022,31/12/2099,TAR0009,5218706,7
0001,Tabela de frete (0001 - Kamer),01/03/2022,31/12/2099,TAR0009,5218391,7
0001,Tabela de frete (0001 - Kamer),01/03/2022,31/12/2099,TAR0009,5218052,7
0001,Tabela de frete (0001 - Kamer),01/03/2022,31/12/2099,TAR0009,5217708,7
0001,Tabela de frete (0001 - Kamer),01/03/2022,31/12/2099,TAR0009,5217609,7
0001,Tabela de frete (0001 - Kamer),01/03/2022,31/12/2099,TAR0009,5217401,7
0001,Tabela de frete (0001 - Kamer),01/03/2022,31/12/2099,TAR0009,5217302,7
0001,Tabela de frete (0001 - Kamer),01/03/2022,31/12/2099,TAR0009,5217203,7
0001,Tabela de frete (0001 - Kamer),01/03/2022,31/12/2099,TAR0009,5217104,7
0001,Tabela de frete (0001 - Kamer),01/03/2022,31/12/2099,TAR0009,5216908,7
0001,Tabela de frete (0001 - Kamer),01/03/2022,31/12/2099,TAR0009,5216809,7
0001,Tabela de frete (0001 - Kamer),01/03/2022,31/12/2099,TAR0009,5216403,7
0001,Tabela de frete (0001 - Kamer),01/03/2022,31/12/2099,TAR0009,5216007,7
0001,Tabela de frete (0001 - Kamer),01/03/2022,31/12/2099,TAR0009,5215900,7
0001,Tabela de frete (0001 - Kamer),01/03/2022,31/12/2099,TAR0009,5215801,7
0001,Tabela de frete (0001 - Kamer),01/03/2022,31/12/2099,TAR0009,5215702,7
0001,Tabela de frete (0001 - Kamer),01/03/2022,31/12/2099,TAR0009,5215603,7
0001,Tabela de frete (0001 - Kamer),01/03/2022,31/12/2099,TAR0009,5215405,7
0001,Tabela de frete (0001 - Kamer),01/03/2022,31/12/2099,TAR0009,5215306,7
0001,Tabela de frete (0001 - Kamer),01/03/2022,31/12/2099,TAR0009,5215231,7
0001,Tabela de frete (0001 - Kamer),01/03/2022,31/12/2099,TAR0009,5215207,7
0001,Tabela de frete (0001 - Kamer),01/03/2022,31/12/2099,TAR0009,5215009,7
0001,Tabela de frete (0001 - Kamer),01/03/2022,31/12/2099,TAR0009,5214861,7
0001,Tabela de frete (0001 - Kamer),01/03/2022,31/12/2099,TAR0009,5214705,7
0001,Tabela de frete (0001 - Kamer),01/03/2022,31/12/2099,TAR0009,5214507,7
0001,Tabela de frete (0001 - Kamer),01/03/2022,31/12/2099,TAR0009,5214408,7
0001,Tabela de frete (0001 - Kamer),01/03/2022,31/12/2099,TAR0009,5213905,7
0001,Tabela de frete (0001 - Kamer),01/03/2022,31/12/2099,TAR0009,5213509,15
0001,Tabela de frete (0001 - Kamer),01/03/2022,31/12/2099,TAR0009,5213103,15
0001,Tabela de frete (0001 - Kamer),01/03/2022,31/12/2099,TAR0009,5213087,15
0001,Tabela de frete (0001 - Kamer),01/03/2022,31/12/2099,TAR0009,5213053,15
0001,Tabela de frete (0001 - Kamer),01/03/2022,31/12/2099,TAR0009,5212808,15
0001,Tabela de frete (0001 - Kamer),01/03/2022,31/12/2099,TAR0009,5212709,15
0001,Tabela de frete (0001 - Kamer),01/03/2022,31/12/2099,TAR0009,5211909,15
0001,Tabela de frete (0001 - Kamer),01/03/2022,31/12/2099,TAR0009,5211305,15
0001,Tabela de frete (0001 - Kamer),01/03/2022,31/12/2099,TAR0009,5210802,15
0001,Tabela de frete (0001 - Kamer),01/03/2022,31/12/2099,TAR0009,5209937,15
0001,Tabela de frete (0001 - Kamer),01/03/2022,31/12/2099,TAR0009,5209903,15
0001,Tabela de frete (0001 - Kamer),01/03/2022,31/12/2099,TAR0009,5209408,15
0001,Tabela de frete (0001 - Kamer),01/03/2022,31/12/2099,TAR0009,5209150,15
0001,Tabela de frete (0001 - Kamer),01/03/2022,31/12/2099,TAR0009,5208509,17
0001,Tabela de frete (0001 - Kamer),01/03/2022,31/12/2099,TAR0009,5208103,15
0001,Tabela de frete (0001 - Kamer),01/03/2022,31/12/2099,TAR0009,5207907,15
0001,Tabela de frete (0001 - Kamer),01/03/2022,31/12/2099,TAR0009,5207501,15
0001,Tabela de frete (0001 - Kamer),01/03/2022,31/12/2099,TAR0009,5207253,15
0001,Tabela de frete (0001 - Kamer),01/03/2022,31/12/2099,TAR0009,5208301,15
0001,Tabela de frete (0001 - Kamer),01/03/2022,31/12/2099,TAR0009,5206909,15
0001,Tabela de frete (0001 - Kamer),01/03/2022,31/12/2099,TAR0009,5206701,15
0001,Tabela de frete (0001 - Kamer),01/03/2022,31/12/2099,TAR0009,5206404,15
0001,Tabela de frete (0001 - Kamer),01/03/2022,31/12/2099,TAR0009,5205521,15
0001,Tabela de frete (0001 - Kamer),01/03/2022,31/12/2099,TAR0009,5205471,15
0001,Tabela de frete (0001 - Kamer),01/03/2022,31/12/2099,TAR0009,5205307,15
0001,Tabela de frete (0001 - Kamer),01/03/2022,31/12/2099,TAR0009,5204953,15
0001,Tabela de frete (0001 - Kamer),01/03/2022,31/12/2099,TAR0009,5204904,15
0001,Tabela de frete (0001 - Kamer),01/03/2022,31/12/2099,TAR0009,5204805,15
0001,Tabela de frete (0001 - Kamer),01/03/2022,31/12/2099,TAR0009,5204706,15
0001,Tabela de frete (0001 - Kamer),01/03/2022,31/12/2099,TAR0009,5204656,15
0001,Tabela de frete (0001 - Kamer),01/03/2022,31/12/2099,TAR0009,5204409,15
0001,Tabela de frete (0001 - Kamer),01/03/2022,31/12/2099,TAR0009,5204300,15
0001,Tabela de frete (0001 - Kamer),01/03/2022,31/12/2099,TAR0009,5204003,15
0001,Tabela de frete (0001 - Kamer),01/03/2022,31/12/2099,TAR0009,5203962,15
0001,Tabela de frete (0001 - Kamer),01/03/2022,31/12/2099,TAR0009,5203807,15
0001,Tabela de frete (0001 - Kamer),01/03/2022,31/12/2099,TAR0009,5203575,15
0001,Tabela de frete (0001 - Kamer),01/03/2022,31/12/2099,TAR0009,5203401,15
0001,Tabela de frete (0001 - Kamer),01/03/2022,31/12/2099,TAR0009,5203104,15
0001,Tabela de frete (0001 - Kamer),01/03/2022,31/12/2099,TAR0009,5201702,15
0001,Tabela de frete (0001 - Kamer),01/03/2022,31/12/2099,TAR0009,5201504,15
0001,Tabela de frete (0001 - Kamer),01/03/2022,31/12/2099,TAR0009,5201454,15
0001,Tabela de frete (0001 - Kamer),01/03/2022,31/12/2099,TAR0009,5201207,15
0001,Tabela de frete (0001 - Kamer),01/03/2022,31/12/2099,TAR0009,5200829,15
0001,Tabela de frete (0001 - Kamer),01/03/2022,31/12/2099,TAR0009,5200803,15
0001,Tabela de frete (0001 - Kamer),01/03/2022,31/12/2099,TAR0009,5200605,15
0001,Tabela de frete (0001 - Kamer),01/03/2022,31/12/2099,TAR0009,5200555,15
0001,Tabela de frete (0001 - Kamer),01/03/2022,31/12/2099,TAR0009,5200175,15
0001,Tabela de frete (0001 - Kamer),01/03/2022,31/12/2099,TAR0010,5218607,0
0001,Tabela de frete (0001 - Kamer),01/03/2022,31/12/2099,TAR0010,5210158,0
0001,Tabela de frete (0001 - Kamer),01/03/2022,31/12/2099,TAR0010,5222302,0
0001,Tabela de frete (0001 - Kamer),01/03/2022,31/12/2099,TAR0010,5222054,0
0001,Tabela de frete (0001 - Kamer),01/03/2022,31/12/2099,TAR0010,5222005,0
0001,Tabela de frete (0001 - Kamer),01/03/2022,31/12/2099,TAR0010,5221908,0
0001,Tabela de frete (0001 - Kamer),01/03/2022,31/12/2099,TAR0010,5221858,0
0001,Tabela de frete (0001 - Kamer),01/03/2022,31/12/2099,TAR0010,3154606,0
0001,Tabela de frete (0001 - Kamer),01/03/2022,31/12/2099,TAR0010,3153608,0
0001,Tabela de frete (0001 - Kamer),01/03/2022,31/12/2099,TAR0010,3149309,0
0001,Tabela de frete (0001 - Kamer),01/03/2022,31/12/2099,TAR0010,3144805,0
0001,Tabela de frete (0001 - Kamer),01/03/2022,31/12/2099,TAR0010,3141108,0
0001,Tabela de frete (0001 - Kamer),01/03/2022,31/12/2099,TAR0010,3137601,0
0001,Tabela de frete (0001 - Kamer),01/03/2022,31/12/2099,TAR0010,3130101,0
0001,Tabela de frete (0001 - Kamer),01/03/2022,31/12/2099,TAR0010,3129806,0
0001,Tabela de frete (0001 - Kamer),01/03/2022,31/12/2099,TAR0010,3117876,0
0001,Tabela de frete (0001 - Kamer),01/03/2022,31/12/2099,TAR0011,3118601,13
0001,Tabela de frete (0001 - Kamer),01/03/2022,31/12/2099,TAR0011,3106705,13
0001,Tabela de frete (0001 - Kamer),01/03/2022,31/12/2099,TAR0011,3106200,13
0001,Tabela de frete (0001 - Kamer),01/03/2022,31/12/2099,TAR0012,5208707,11
0001,Tabela de frete (0001 - Kamer),01/03/2022,31/12/2099,TAR0013,5222203,21
0001,Tabela de frete (0001 - Kamer),01/03/2022,31/12/2099,TAR0013,5221700,21
0001,Tabela de frete (0001 - Kamer),01/03/2022,31/12/2099,TAR0013,5221601,21
0001,Tabela de frete (0001 - Kamer),01/03/2022,31/12/2099,TAR0013,5221577,21
0001,Tabela de frete (0001 - Kamer),01/03/2022,31/12/2099,TAR0013,5221452,21
0001,Tabela de frete (0001 - Kamer),01/03/2022,31/12/2099,TAR0013,5221304,21
0001,Tabela de frete (0001 - Kamer),01/03/2022,31/12/2099,TAR0013,5212253,21
0001,Tabela de frete (0001 - Kamer),01/03/2022,31/12/2099,TAR0013,5221080,21
0001,Tabela de frete (0001 - Kamer),01/03/2022,31/12/2099,TAR0013,5220702,21
0001,Tabela de frete (0001 - Kamer),01/03/2022,31/12/2099,TAR0013,5220686,21
0001,Tabela de frete (0001 - Kamer),01/03/2022,31/12/2099,TAR0013,5220504,21
0001,Tabela de frete (0001 - Kamer),01/03/2022,31/12/2099,TAR0013,5220405,21
0001,Tabela de frete (0001 - Kamer),01/03/2022,31/12/2099,TAR0013,5220207,21
0001,Tabela de frete (0001 - Kamer),01/03/2022,31/12/2099,TAR0013,5220009,21
0001,Tabela de frete (0001 - Kamer),01/03/2022,31/12/2099,TAR0013,5219803,21
0001,Tabela de frete (0001 - Kamer),01/03/2022,31/12/2099,TAR0013,5219704,21
0001,Tabela de frete (0001 - Kamer),01/03/2022,31/12/2099,TAR0013,5219605,21
0001,Tabela de frete (0001 - Kamer),01/03/2022,31/12/2099,TAR0013,5218508,21
0001,Tabela de frete (0001 - Kamer),01/03/2022,31/12/2099,TAR0013,5218300,21
0001,Tabela de frete (0001 - Kamer),01/03/2022,31/12/2099,TAR0013,5218102,21
0001,Tabela de frete (0001 - Kamer),01/03/2022,31/12/2099,TAR0013,5218003,21
0001,Tabela de frete (0001 - Kamer),01/03/2022,31/12/2099,TAR0013,5216452,21
0001,Tabela de frete (0001 - Kamer),01/03/2022,31/12/2099,TAR0013,5216304,21
0001,Tabela de frete (0001 - Kamer),01/03/2022,31/12/2099,TAR0013,5215652,21
0001,Tabela de frete (0001 - Kamer),01/03/2022,31/12/2099,TAR0013,5215504,21
0001,Tabela de frete (0001 - Kamer),01/03/2022,31/12/2099,TAR0013,5215256,21
0001,Tabela de frete (0001 - Kamer),01/03/2022,31/12/2099,TAR0013,5214903,21
0001,Tabela de frete (0001 - Kamer),01/03/2022,31/12/2099,TAR0013,5214879,21
0001,Tabela de frete (0001 - Kamer),01/03/2022,31/12/2099,TAR0013,5214838,21
0001,Tabela de frete (0001 - Kamer),01/03/2022,31/12/2099,TAR0013,5214804,21
0001,Tabela de frete (0001 - Kamer),01/03/2022,31/12/2099,TAR0013,5214606,21
0001,Tabela de frete (0001 - Kamer),01/03/2022,31/12/2099,TAR0013,5214101,21
0001,Tabela de frete (0001 - Kamer),01/03/2022,31/12/2099,TAR0013,5214051,21
0001,Tabela de frete (0001 - Kamer),01/03/2022,31/12/2099,TAR0013,5214002,21
0001,Tabela de frete (0001 - Kamer),01/03/2022,31/12/2099,TAR0013,5213707,21
0001,Tabela de frete (0001 - Kamer),01/03/2022,31/12/2099,TAR0013,3112406,13
0001,Tabela de frete (0001 - Kamer),01/03/2022,31/12/2099,TAR0013,3111804,13
0001,Tabela de frete (0001 - Kamer),01/03/2022,31/12/2099,TAR0013,3111903,13
0001,Tabela de frete (0001 - Kamer),01/03/2022,31/12/2099,TAR0013,3111606,13
0001,Tabela de frete (0001 - Kamer),01/03/2022,31/12/2099,TAR0013,3111507,13
0001,Tabela de frete (0001 - Kamer),01/03/2022,31/12/2099,TAR0013,3111408,13
0001,Tabela de frete (0001 - Kamer),01/03/2022,31/12/2099,TAR0013,3111309,13
0001,Tabela de frete (0001 - Kamer),01/03/2022,31/12/2099,TAR0013,3111200,13
0001,Tabela de frete (0001 - Kamer),01/03/2022,31/12/2099,TAR0013,3111101,13
0001,Tabela de frete (0001 - Kamer),01/03/2022,31/12/2099,TAR0013,3111002,13
0001,Tabela de frete (0001 - Kamer),01/03/2022,31/12/2099,TAR0013,3110905,13
0001,Tabela de frete (0001 - Kamer),01/03/2022,31/12/2099,TAR0013,3110707,13
0001,Tabela de frete (0001 - Kamer),01/03/2022,31/12/2099,TAR0013,3110608,13
0001,Tabela de frete (0001 - Kamer),01/03/2022,31/12/2099,TAR0013,3110509,13
0001,Tabela de frete (0001 - Kamer),01/03/2022,31/12/2099,TAR0013,3110301,13
0001,Tabela de frete (0001 - Kamer),01/03/2022,31/12/2099,TAR0013,3109808,13
0001,Tabela de frete (0001 - Kamer),01/03/2022,31/12/2099,TAR0013,3109709,13
0001,Tabela de frete (0001 - Kamer),01/03/2022,31/12/2099,TAR0013,3109501,13
0001,Tabela de frete (0001 - Kamer),01/03/2022,31/12/2099,TAR0013,3109451,13
0001,Tabela de frete (0001 - Kamer),01/03/2022,31/12/2099,TAR0013,3109303,13
0001,Tabela de frete (0001 - Kamer),01/03/2022,31/12/2099,TAR0013,3109105,13
0001,Tabela de frete (0001 - Kamer),01/03/2022,31/12/2099,TAR0013,3108552,13
0001,Tabela de frete (0001 - Kamer),01/03/2022,31/12/2099,TAR0013,3108404,13
0001,Tabela de frete (0001 - Kamer),01/03/2022,31/12/2099,TAR0013,3108305,13
0001,Tabela de frete (0001 - Kamer),01/03/2022,31/12/2099,TAR0013,3108206,13
0001,Tabela de frete (0001 - Kamer),01/03/2022,31/12/2099,TAR0013,3108008,13
0001,Tabela de frete (0001 - Kamer),01/03/2022,31/12/2099,TAR0013,3107901,13
0001,Tabela de frete (0001 - Kamer),01/03/2022,31/12/2099,TAR0013,3107604,13
0001,Tabela de frete (0001 - Kamer),01/03/2022,31/12/2099,TAR0013,3107109,13
0001,Tabela de frete (0001 - Kamer),01/03/2022,31/12/2099,TAR0013,3105301,13
0001,Tabela de frete (0001 - Kamer),01/03/2022,31/12/2099,TAR0013,3104908,13
0001,Tabela de frete (0001 - Kamer),01/03/2022,31/12/2099,TAR0013,3104502,13
0001,Tabela de frete (0001 - Kamer),01/03/2022,31/12/2099,TAR0013,3104304,13
0001,Tabela de frete (0001 - Kamer),01/03/2022,31/12/2099,TAR0013,3104106,13
0001,Tabela de frete (0001 - Kamer),01/03/2022,31/12/2099,TAR0013,3104007,13
0001,Tabela de frete (0001 - Kamer),01/03/2022,31/12/2099,TAR0013,3103801,13
0001,Tabela de frete (0001 - Kamer),01/03/2022,31/12/2099,TAR0013,3103751,13
0001,Tabela de frete (0001 - Kamer),01/03/2022,31/12/2099,TAR0013,3103504,13
0001,Tabela de frete (0001 - Kamer),01/03/2022,31/12/2099,TAR0013,3102803,13
0001,Tabela de frete (0001 - Kamer),01/03/2022,31/12/2099,TAR0013,3102605,13
0001,Tabela de frete (0001 - Kamer),01/03/2022,31/12/2099,TAR0013,3102001,13
0001,Tabela de frete (0001 - Kamer),01/03/2022,31/12/2099,TAR0013,3101904,13
0001,Tabela de frete (0001 - Kamer),01/03/2022,31/12/2099,TAR0013,3101607,13
0001,Tabela de frete (0001 - Kamer),01/03/2022,31/12/2099,TAR0013,3101409,13
0001,Tabela de frete (0001 - Kamer),01/03/2022,31/12/2099,TAR0013,3101201,13
0001,Tabela de frete (0001 - Kamer),01/03/2022,31/12/2099,TAR0013,3100708,13
0001,Tabela de frete (0001 - Kamer),01/03/2022,31/12/2099,TAR0013,3100104,13
0001,Tabela de frete (0001 - Kamer),01/03/2022,31/12/2099,TAR0014,3171204,8
0001,Tabela de frete (0001 - Kamer),01/03/2022,31/12/2099,TAR0014,3170206,8
0001,Tabela de frete (0001 - Kamer),01/03/2022,31/12/2099,TAR0014,3165537,8
0001,Tabela de frete (0001 - Kamer),01/03/2022,31/12/2099,TAR0014,3162955,8
0001,Tabela de frete (0001 - Kamer),01/03/2022,31/12/2099,TAR0014,3162922,8
0001,Tabela de frete (0001 - Kamer),01/03/2022,31/12/2099,TAR0014,3157807,8
0001,Tabela de frete (0001 - Kamer),01/03/2022,31/12/2099,TAR0014,3156700,8
0001,Tabela de frete (0001 - Kamer),01/03/2022,31/12/2099,TAR0014,3129905,8
0001,Tabela de frete (0001 - Kamer),01/03/2022,31/12/2099,TAR0014,3129707,8
0001,Tabela de frete (0001 - Kamer),01/03/2022,31/12/2099,TAR0014,3129509,8
0001,Tabela de frete (0001 - Kamer),01/03/2022,31/12/2099,TAR0014,3129202,8
0001,Tabela de frete (0001 - Kamer),01/03/2022,31/12/2099,TAR0014,3129103,8
0001,Tabela de frete (0001 - Kamer),01/03/2022,31/12/2099,TAR0014,3128907,8
0001,Tabela de frete (0001 - Kamer),01/03/2022,31/12/2099,TAR0014,3128709,8
0001,Tabela de frete (0001 - Kamer),01/03/2022,31/12/2099,TAR0014,3128600,8
0001,Tabela de frete (0001 - Kamer),01/03/2022,31/12/2099,TAR0014,3128303,8
0001,Tabela de frete (0001 - Kamer),01/03/2022,31/12/2099,TAR0014,3128105,8
0001,Tabela de frete (0001 - Kamer),01/03/2022,31/12/2099,TAR0014,3127909,8
0001,Tabela de frete (0001 - Kamer),01/03/2022,31/12/2099,TAR0014,3127404,8
0001,Tabela de frete (0001 - Kamer),01/03/2022,31/12/2099,TAR0014,3127107,8
0001,Tabela de frete (0001 - Kamer),01/03/2022,31/12/2099,TAR0014,3127008,8
0001,Tabela de frete (0001 - Kamer),01/03/2022,31/12/2099,TAR0014,3126307,8
0001,Tabela de frete (0001 - Kamer),01/03/2022,31/12/2099,TAR0014,3126208,8
0001,Tabela de frete (0001 - Kamer),01/03/2022,31/12/2099,TAR0014,3125200,8
0001,Tabela de frete (0001 - Kamer),01/03/2022,31/12/2099,TAR0014,3125101,8
0001,Tabela de frete (0001 - Kamer),01/03/2022,31/12/2099,TAR0014,3124807,8
0001,Tabela de frete (0001 - Kamer),01/03/2022,31/12/2099,TAR0014,3124500,8
0001,Tabela de frete (0001 - Kamer),01/03/2022,31/12/2099,TAR0014,3124401,8
0001,Tabela de frete (0001 - Kamer),01/03/2022,31/12/2099,TAR0014,3123601,8
0001,Tabela de frete (0001 - Kamer),01/03/2022,31/12/2099,TAR0014,3123502,8
0001,Tabela de frete (0001 - Kamer),01/03/2022,31/12/2099,TAR0014,3122801,8
0001,Tabela de frete (0001 - Kamer),01/03/2022,31/12/2099,TAR0014,3122470,8
0001,Tabela de frete (0001 - Kamer),01/03/2022,31/12/2099,TAR0014,3122405,8
0001,Tabela de frete (0001 - Kamer),01/03/2022,31/12/2099,TAR0014,3121258,8
0001,Tabela de frete (0001 - Kamer),01/03/2022,31/12/2099,TAR0014,3121100,8
0001,Tabela de frete (0001 - Kamer),01/03/2022,31/12/2099,TAR0014,3120805,8
0001,Tabela de frete (0001 - Kamer),01/03/2022,31/12/2099,TAR0014,3120706,8
0001,Tabela de frete (0001 - Kamer),01/03/2022,31/12/2099,TAR0014,3120508,8
0001,Tabela de frete (0001 - Kamer),01/03/2022,31/12/2099,TAR0014,3120201,8
0001,Tabela de frete (0001 - Kamer),01/03/2022,31/12/2099,TAR0014,3119906,8
0001,Tabela de frete (0001 - Kamer),01/03/2022,31/12/2099,TAR0014,3119302,8
0001,Tabela de frete (0001 - Kamer),01/03/2022,31/12/2099,TAR0014,3119005,8
0001,Tabela de frete (0001 - Kamer),01/03/2022,31/12/2099,TAR0014,3118700,8
0001,Tabela de frete (0001 - Kamer),01/03/2022,31/12/2099,TAR0014,3118502,8
0001,Tabela de frete (0001 - Kamer),01/03/2022,31/12/2099,TAR0014,3118205,8
0001,Tabela de frete (0001 - Kamer),01/03/2022,31/12/2099,TAR0014,3117900,8
0001,Tabela de frete (0001 - Kamer),01/03/2022,31/12/2099,TAR0014,3117801,8
0001,Tabela de frete (0001 - Kamer),01/03/2022,31/12/2099,TAR0014,3117702,8
0001,Tabela de frete (0001 - Kamer),01/03/2022,31/12/2099,TAR0014,3117207,8
0001,Tabela de frete (0001 - Kamer),01/03/2022,31/12/2099,TAR0014,3117306,8
0001,Tabela de frete (0001 - Kamer),01/03/2022,31/12/2099,TAR0014,3117108,8
0001,Tabela de frete (0001 - Kamer),01/03/2022,31/12/2099,TAR0014,3116902,8
0001,Tabela de frete (0001 - Kamer),01/03/2022,31/12/2099,TAR0014,3116159,8
0001,Tabela de frete (0001 - Kamer),01/03/2022,31/12/2099,TAR0014,3115805,8
0001,Tabela de frete (0001 - Kamer),01/03/2022,31/12/2099,TAR0014,3115508,8
0001,Tabela de frete (0001 - Kamer),01/03/2022,31/12/2099,TAR0014,3115102,8
0001,Tabela de frete (0001 - Kamer),01/03/2022,31/12/2099,TAR0014,3115003,8
0001,Tabela de frete (0001 - Kamer),01/03/2022,31/12/2099,TAR0014,3114808,8
0001,Tabela de frete (0001 - Kamer),01/03/2022,31/12/2099,TAR0014,3114709,8
0001,Tabela de frete (0001 - Kamer),01/03/2022,31/12/2099,TAR0014,3114550,8
0001,Tabela de frete (0001 - Kamer),01/03/2022,31/12/2099,TAR0014,3114402,8
0001,Tabela de frete (0001 - Kamer),01/03/2022,31/12/2099,TAR0014,3114303,8
0001,Tabela de frete (0001 - Kamer),01/03/2022,31/12/2099,TAR0014,3114105,8
0001,Tabela de frete (0001 - Kamer),01/03/2022,31/12/2099,TAR0014,3113909,8
0001,Tabela de frete (0001 - Kamer),01/03/2022,31/12/2099,TAR0014,3113602,8
0001,Tabela de frete (0001 - Kamer),01/03/2022,31/12/2099,TAR0014,3112604,8
0001,Tabela de frete (0001 - Kamer),01/03/2022,31/12/2099,TAR0014,3149200,8
0001,Tabela de frete (0001 - Kamer),01/03/2022,31/12/2099,TAR0014,3149101,8
0001,Tabela de frete (0001 - Kamer),01/03/2022,31/12/2099,TAR0014,3148103,8
0001,Tabela de frete (0001 - Kamer),01/03/2022,31/12/2099,TAR0014,3148004,8
0001,Tabela de frete (0001 - Kamer),01/03/2022,31/12/2099,TAR0014,3147907,8
0001,Tabela de frete (0001 - Kamer),01/03/2022,31/12/2099,TAR0014,3147600,8
0001,Tabela de frete (0001 - Kamer),01/03/2022,31/12/2099,TAR0014,3147303,8
0001,Tabela de frete (0001 - Kamer),01/03/2022,31/12/2099,TAR0014,3147204,8
0001,Tabela de frete (0001 - Kamer),01/03/2022,31/12/2099,TAR0014,3147006,8
0001,Tabela de frete (0001 - Kamer),01/03/2022,31/12/2099,TAR0014,3146008,8
0001,Tabela de frete (0001 - Kamer),01/03/2022,31/12/2099,TAR0014,3145505,8
0001,Tabela de frete (0001 - Kamer),01/03/2022,31/12/2099,TAR0014,3145109,8
0001,Tabela de frete (0001 - Kamer),01/03/2022,31/12/2099,TAR0014,3145000,8
0001,Tabela de frete (0001 - Kamer),01/03/2022,31/12/2099,TAR0014,3144607,8
0001,Tabela de frete (0001 - Kamer),01/03/2022,31/12/2099,TAR0014,3144508,8
0001,Tabela de frete (0001 - Kamer),01/03/2022,31/12/2099,TAR0014,3144409,8
0001,Tabela de frete (0001 - Kamer),01/03/2022,31/12/2099,TAR0014,3144375,8
0001,Tabela de frete (0001 - Kamer),01/03/2022,31/12/2099,TAR0014,3144102,8
0001,Tabela de frete (0001 - Kamer),01/03/2022,31/12/2099,TAR0014,3143807,8
0001,Tabela de frete (0001 - Kamer),01/03/2022,31/12/2099,TAR0014,3143401,8
0001,Tabela de frete (0001 - Kamer),01/03/2022,31/12/2099,TAR0014,3143203,8
0001,Tabela de frete (0001 - Kamer),01/03/2022,31/12/2099,TAR0014,3143104,8
0001,Tabela de frete (0001 - Kamer),01/03/2022,31/12/2099,TAR0014,3143005,8
0001,Tabela de frete (0001 - Kamer),01/03/2022,31/12/2099,TAR0014,3142809,8
0001,Tabela de frete (0001 - Kamer),01/03/2022,31/12/2099,TAR0014,3142601,8
0001,Tabela de frete (0001 - Kamer),01/03/2022,31/12/2099,TAR0014,3141900,8
0001,Tabela de frete (0001 - Kamer),01/03/2022,31/12/2099,TAR0014,3141207,8
0001,Tabela de frete (0001 - Kamer),01/03/2022,31/12/2099,TAR0014,3139904,8
0001,Tabela de frete (0001 - Kamer),01/03/2022,31/12/2099,TAR0014,3139003,8
0001,Tabela de frete (0001 - Kamer),01/03/2022,31/12/2099,TAR0014,3138708,8
0001,Tabela de frete (0001 - Kamer),01/03/2022,31/12/2099,TAR0014,3138625,8
0001,Tabela de frete (0001 - Kamer),01/03/2022,31/12/2099,TAR0014,3138203,8
0001,Tabela de frete (0001 - Kamer),01/03/2022,31/12/2099,TAR0014,3137809,8
0001,Tabela de frete (0001 - Kamer),01/03/2022,31/12/2099,TAR0014,3137536,8
0001,Tabela de frete (0001 - Kamer),01/03/2022,31/12/2099,TAR0014,3137502,8
0001,Tabela de frete (0001 - Kamer),01/03/2022,31/12/2099,TAR0014,3137106,8
0001,Tabela de frete (0001 - Kamer),01/03/2022,31/12/2099,TAR0014,3136900,8
0001,Tabela de frete (0001 - Kamer),01/03/2022,31/12/2099,TAR0014,3136306,8
0001,Tabela de frete (0001 - Kamer),01/03/2022,31/12/2099,TAR0014,3135902,8
0001,Tabela de frete (0001 - Kamer),01/03/2022,31/12/2099,TAR0014,3134905,8
0001,Tabela de frete (0001 - Kamer),01/03/2022,31/12/2099,TAR0014,3134806,8
0001,Tabela de frete (0001 - Kamer),01/03/2022,31/12/2099,TAR0014,3134509,8
0001,Tabela de frete (0001 - Kamer),01/03/2022,31/12/2099,TAR0014,3134400,8
0001,Tabela de frete (0001 - Kamer),01/03/2022,31/12/2099,TAR0014,3134301,8
0001,Tabela de frete (0001 - Kamer),01/03/2022,31/12/2099,TAR0014,3134202,8
0001,Tabela de frete (0001 - Kamer),01/03/2022,31/12/2099,TAR0014,3133758,8
0001,Tabela de frete (0001 - Kamer),01/03/2022,31/12/2099,TAR0014,3133600,8
0001,Tabela de frete (0001 - Kamer),01/03/2022,31/12/2099,TAR0014,3133402,8
0001,Tabela de frete (0001 - Kamer),01/03/2022,31/12/2099,TAR0014,3133105,8
0001,Tabela de frete (0001 - Kamer),01/03/2022,31/12/2099,TAR0014,3133006,8
0001,Tabela de frete (0001 - Kamer),01/03/2022,31/12/2099,TAR0014,3132909,8
0001,Tabela de frete (0001 - Kamer),01/03/2022,31/12/2099,TAR0014,3132404,8
0001,Tabela de frete (0001 - Kamer),01/03/2022,31/12/2099,TAR0014,3131604,8
0001,Tabela de frete (0001 - Kamer),01/03/2022,31/12/2099,TAR0014,3131505,8
0001,Tabela de frete (0001 - Kamer),01/03/2022,31/12/2099,TAR0014,3131406,8
0001,Tabela de frete (0001 - Kamer),01/03/2022,31/12/2099,TAR0014,3130705,8
0001,Tabela de frete (0001 - Kamer),01/03/2022,31/12/2099,TAR0014,3130606,8
0001,Tabela de frete (0001 - Kamer),01/03/2022,31/12/2099,TAR0014,3130507,8
0001,Tabela de frete (0001 - Kamer),01/03/2022,31/12/2099,TAR0014,3130002,8
0001,Tabela de frete (0001 - Kamer),01/03/2022,31/12/2099,TAR0014,3170107,8
0001,Tabela de frete (0001 - Kamer),01/03/2022,31/12/2099,TAR0014,3169802,8
0001,Tabela de frete (0001 - Kamer),01/03/2022,31/12/2099,TAR0014,3169604,8
0001,Tabela de frete (0001 - Kamer),01/03/2022,31/12/2099,TAR0014,3169406,8
0001,Tabela de frete (0001 - Kamer),01/03/2022,31/12/2099,TAR0014,3169356,8
0001,Tabela de frete (0001 - Kamer),01/03/2022,31/12/2099,TAR0014,3169307,8
0001,Tabela de frete (0001 - Kamer),01/03/2022,31/12/2099,TAR0014,3169109,8
0001,Tabela de frete (0001 - Kamer),01/03/2022,31/12/2099,TAR0014,3169059,8
0001,Tabela de frete (0001 - Kamer),01/03/2022,31/12/2099,TAR0014,3168903,8
0001,Tabela de frete (0001 - Kamer),01/03/2022,31/12/2099,TAR0014,3168101,8
0001,Tabela de frete (0001 - Kamer),01/03/2022,31/12/2099,TAR0014,3167806,8
0001,Tabela de frete (0001 - Kamer),01/03/2022,31/12/2099,TAR0014,3167400,8
0001,Tabela de frete (0001 - Kamer),01/03/2022,31/12/2099,TAR0014,3166907,8
0001,Tabela de frete (0001 - Kamer),01/03/2022,31/12/2099,TAR0014,3166808,8
0001,Tabela de frete (0001 - Kamer),01/03/2022,31/12/2099,TAR0014,3165800,8
0001,Tabela de frete (0001 - Kamer),01/03/2022,31/12/2099,TAR0014,3165578,8
0001,Tabela de frete (0001 - Kamer),01/03/2022,31/12/2099,TAR0014,3165404,8
0001,Tabela de frete (0001 - Kamer),01/03/2022,31/12/2099,TAR0014,3165305,8
0001,Tabela de frete (0001 - Kamer),01/03/2022,31/12/2099,TAR0014,3165107,8
0001,Tabela de frete (0001 - Kamer),01/03/2022,31/12/2099,TAR0014,3164902,8
0001,Tabela de frete (0001 - Kamer),01/03/2022,31/12/2099,TAR0014,3164407,8
0001,Tabela de frete (0001 - Kamer),01/03/2022,31/12/2099,TAR0014,3163904,8
0001,Tabela de frete (0001 - Kamer),01/03/2022,31/12/2099,TAR0014,3163706,8
0001,Tabela de frete (0001 - Kamer),01/03/2022,31/12/2099,TAR0014,3163201,8
0001,Tabela de frete (0001 - Kamer),01/03/2022,31/12/2099,TAR0014,3162948,8
0001,Tabela de frete (0001 - Kamer),01/03/2022,31/12/2099,TAR0014,3162302,8
0001,Tabela de frete (0001 - Kamer),01/03/2022,31/12/2099,TAR0014,3162203,8
0001,Tabela de frete (0001 - Kamer),01/03/2022,31/12/2099,TAR0014,3162104,8
0001,Tabela de frete (0001 - Kamer),01/03/2022,31/12/2099,TAR0014,3162005,8
0001,Tabela de frete (0001 - Kamer),01/03/2022,31/12/2099,TAR0014,3161700,8
0001,Tabela de frete (0001 - Kamer),01/03/2022,31/12/2099,TAR0014,3161304,8
0001,Tabela de frete (0001 - Kamer),01/03/2022,31/12/2099,TAR0014,3160801,8
0001,Tabela de frete (0001 - Kamer),01/03/2022,31/12/2099,TAR0014,3159902,8
0001,Tabela de frete (0001 - Kamer),01/03/2022,31/12/2099,TAR0014,3158805,8
0001,Tabela de frete (0001 - Kamer),01/03/2022,31/12/2099,TAR0014,3158300,8
0001,Tabela de frete (0001 - Kamer),01/03/2022,31/12/2099,TAR0014,3159803,8
0001,Tabela de frete (0001 - Kamer),01/03/2022,31/12/2099,TAR0014,3159704,8
0001,Tabela de frete (0001 - Kamer),01/03/2022,31/12/2099,TAR0014,3159605,8
0001,Tabela de frete (0001 - Kamer),01/03/2022,31/12/2099,TAR0014,3159209,8
0001,Tabela de frete (0001 - Kamer),01/03/2022,31/12/2099,TAR0014,3157708,8
0001,Tabela de frete (0001 - Kamer),01/03/2022,31/12/2099,TAR0014,3156908,8
0001,Tabela de frete (0001 - Kamer),01/03/2022,31/12/2099,TAR0014,3156403,8
0001,Tabela de frete (0001 - Kamer),01/03/2022,31/12/2099,TAR0014,3155504,8
0001,Tabela de frete (0001 - Kamer),01/03/2022,31/12/2099,TAR0014,3154705,8
0001,Tabela de frete (0001 - Kamer),01/03/2022,31/12/2099,TAR0014,3154457,8
0001,Tabela de frete (0001 - Kamer),01/03/2022,31/12/2099,TAR0014,3153400,8
0001,Tabela de frete (0001 - Kamer),01/03/2022,31/12/2099,TAR0014,3153004,8
0001,Tabela de frete (0001 - Kamer),01/03/2022,31/12/2099,TAR0014,3152907,8
0001,Tabela de frete (0001 - Kamer),01/03/2022,31/12/2099,TAR0014,3152808,8
0001,Tabela de frete (0001 - Kamer),01/03/2022,31/12/2099,TAR0014,3152600,8
0001,Tabela de frete (0001 - Kamer),01/03/2022,31/12/2099,TAR0014,3151800,8
0001,Tabela de frete (0001 - Kamer),01/03/2022,31/12/2099,TAR0014,3151701,8
0001,Tabela de frete (0001 - Kamer),01/03/2022,31/12/2099,TAR0014,3151602,8
0001,Tabela de frete (0001 - Kamer),01/03/2022,31/12/2099,TAR0014,3151008,8
0001,Tabela de frete (0001 - Kamer),01/03/2022,31/12/2099,TAR0014,3150901,8
0001,Tabela de frete (0001 - Kamer),01/03/2022,31/12/2099,TAR0014,3150703,8
0001,Tabela de frete (0001 - Kamer),01/03/2022,31/12/2099,TAR0014,3149903,8
0001,Tabela de frete (0001 - Kamer),01/03/2022,31/12/2099,TAR0014,3149804,8
0001,Tabela de frete (0001 - Kamer),01/03/2022,31/12/2099,TAR0014,1503804,8
0001,Tabela de frete (0001 - Kamer),01/03/2022,31/12/2099,TAR0014,1503705,8
0001,Tabela de frete (0001 - Kamer),01/03/2022,31/12/2099,TAR0014,1503507,8
0001,Tabela de frete (0001 - Kamer),01/03/2022,31/12/2099,TAR0014,1503457,8
0001,Tabela de frete (0001 - Kamer),01/03/2022,31/12/2099,TAR0014,1503408,8
0001,Tabela de frete (0001 - Kamer),01/03/2022,31/12/2099,TAR0014,1503309,8
0001,Tabela de frete (0001 - Kamer),01/03/2022,31/12/2099,TAR0014,1503200,8
0001,Tabela de frete (0001 - Kamer),01/03/2022,31/12/2099,TAR0014,1503093,8
0001,Tabela de frete (0001 - Kamer),01/03/2022,31/12/2099,TAR0014,1503077,8
0001,Tabela de frete (0001 - Kamer),01/03/2022,31/12/2099,TAR0014,1503044,8
0001,Tabela de frete (0001 - Kamer),01/03/2022,31/12/2099,TAR0014,1502939,8
0001,Tabela de frete (0001 - Kamer),01/03/2022,31/12/2099,TAR0014,1502905,8
0001,Tabela de frete (0001 - Kamer),01/03/2022,31/12/2099,TAR0014,1502772,8
0001,Tabela de frete (0001 - Kamer),01/03/2022,31/12/2099,TAR0014,1502764,8
0001,Tabela de frete (0001 - Kamer),01/03/2022,31/12/2099,TAR0014,1502756,8
0001,Tabela de frete (0001 - Kamer),01/03/2022,31/12/2099,TAR0014,1502707,8
0001,Tabela de frete (0001 - Kamer),01/03/2022,31/12/2099,TAR0014,1502400,8
0001,Tabela de frete (0001 - Kamer),01/03/2022,31/12/2099,TAR0014,1502301,8
0001,Tabela de frete (0001 - Kamer),01/03/2022,31/12/2099,TAR0014,1502202,8
0001,Tabela de frete (0001 - Kamer),01/03/2022,31/12/2099,TAR0014,1502152,8
0001,Tabela de frete (0001 - Kamer),01/03/2022,31/12/2099,TAR0014,1501907,8
0001,Tabela de frete (0001 - Kamer),01/03/2022,31/12/2099,TAR0014,1501782,8
0001,Tabela de frete (0001 - Kamer),01/03/2022,31/12/2099,TAR0014,1501758,8
0001,Tabela de frete (0001 - Kamer),01/03/2022,31/12/2099,TAR0014,1501725,8
0001,Tabela de frete (0001 - Kamer),01/03/2022,31/12/2099,TAR0014,1501709,8
0001,Tabela de frete (0001 - Kamer),01/03/2022,31/12/2099,TAR0014,1501600,8
0001,Tabela de frete (0001 - Kamer),01/03/2022,31/12/2099,TAR0014,1501576,8
0001,Tabela de frete (0001 - Kamer),01/03/2022,31/12/2099,TAR0014,1501501,8
0001,Tabela de frete (0001 - Kamer),01/03/2022,31/12/2099,TAR0014,1501451,8
0001,Tabela de frete (0001 - Kamer),01/03/2022,31/12/2099,TAR0014,1501303,8
0001,Tabela de frete (0001 - Kamer),01/03/2022,31/12/2099,TAR0014,1500958,8
0001,Tabela de frete (0001 - Kamer),01/03/2022,31/12/2099,TAR0014,1500909,8
0001,Tabela de frete (0001 - Kamer),01/03/2022,31/12/2099,TAR0014,1500859,8
0001,Tabela de frete (0001 - Kamer),01/03/2022,31/12/2099,TAR0014,1500800,8
0001,Tabela de frete (0001 - Kamer),01/03/2022,31/12/2099,TAR0014,1500602,8
0001,Tabela de frete (0001 - Kamer),01/03/2022,31/12/2099,TAR0014,1500347,8
0001,Tabela de frete (0001 - Kamer),01/03/2022,31/12/2099,TAR0014,1500206,8
0001,Tabela de frete (0001 - Kamer),01/03/2022,31/12/2099,TAR0014,1500131,8
0001,Tabela de frete (0001 - Kamer),01/03/2022,31/12/2099,TAR0014,1500107,8
0001,Tabela de frete (0001 - Kamer),01/03/2022,31/12/2099,TAR0015,1501402,23
0001,Tabela de frete (0001 - Kamer),01/03/2022,31/12/2099,TAR0016,3152501,15
0001,Tabela de frete (0001 - Kamer),01/03/2022,31/12/2099,TAR0016,3172202,15
0001,Tabela de frete (0001 - Kamer),01/03/2022,31/12/2099,TAR0016,3171709,15
0001,Tabela de frete (0001 - Kamer),01/03/2022,31/12/2099,TAR0016,3171105,15
0001,Tabela de frete (0001 - Kamer),01/03/2022,31/12/2099,TAR0016,3171006,15
0001,Tabela de frete (0001 - Kamer),01/03/2022,31/12/2099,TAR0016,3170750,15
0001,Tabela de frete (0001 - Kamer),01/03/2022,31/12/2099,TAR0016,3170701,15
0001,Tabela de frete (0001 - Kamer),01/03/2022,31/12/2099,TAR0016,3170529,15
0001,Tabela de frete (0001 - Kamer),01/03/2022,31/12/2099,TAR0016,3170479,15
0001,Tabela de frete (0001 - Kamer),01/03/2022,31/12/2099,TAR0016,3170438,15
0001,Tabela de frete (0001 - Kamer),01/03/2022,31/12/2099,TAR0016,3170404,15
0001,Tabela de frete (0001 - Kamer),01/03/2022,31/12/2099,TAR0016,1508357,15
0001,Tabela de frete (0001 - Kamer),01/03/2022,31/12/2099,TAR0016,1508308,15
0001,Tabela de frete (0001 - Kamer),01/03/2022,31/12/2099,TAR0016,1508209,15
0001,Tabela de frete (0001 - Kamer),01/03/2022,31/12/2099,TAR0016,1508126,15
0001,Tabela de frete (0001 - Kamer),01/03/2022,31/12/2099,TAR0016,1508100,15
0001,Tabela de frete (0001 - Kamer),01/03/2022,31/12/2099,TAR0016,1508084,15
0001,Tabela de frete (0001 - Kamer),01/03/2022,31/12/2099,TAR0016,1508035,15
0001,Tabela de frete (0001 - Kamer),01/03/2022,31/12/2099,TAR0016,1508001,15
0001,Tabela de frete (0001 - Kamer),01/03/2022,31/12/2099,TAR0016,1507961,15
0001,Tabela de frete (0001 - Kamer),01/03/2022,31/12/2099,TAR0016,1507953,15
0001,Tabela de frete (0001 - Kamer),01/03/2022,31/12/2099,TAR0016,1507805,15
0001,Tabela de frete (0001 - Kamer),01/03/2022,31/12/2099,TAR0016,1507755,15
0001,Tabela de frete (0001 - Kamer),01/03/2022,31/12/2099,TAR0016,1507607,15
0001,Tabela de frete (0001 - Kamer),01/03/2022,31/12/2099,TAR0016,1507508,15
0001,Tabela de frete (0001 - Kamer),01/03/2022,31/12/2099,TAR0016,1507474,15
0001,Tabela de frete (0001 - Kamer),01/03/2022,31/12/2099,TAR0016,1507466,15
0001,Tabela de frete (0001 - Kamer),01/03/2022,31/12/2099,TAR0016,1507458,15
0001,Tabela de frete (0001 - Kamer),01/03/2022,31/12/2099,TAR0016,1507409,15
0001,Tabela de frete (0001 - Kamer),01/03/2022,31/12/2099,TAR0016,1507300,15
0001,Tabela de frete (0001 - Kamer),01/03/2022,31/12/2099,TAR0016,1507201,15
0001,Tabela de frete (0001 - Kamer),01/03/2022,31/12/2099,TAR0016,1507151,15
0001,Tabela de frete (0001 - Kamer),01/03/2022,31/12/2099,TAR0016,1507102,15
0001,Tabela de frete (0001 - Kamer),01/03/2022,31/12/2099,TAR0016,1507003,15
0001,Tabela de frete (0001 - Kamer),01/03/2022,31/12/2099,TAR0016,1506906,15
0001,Tabela de frete (0001 - Kamer),01/03/2022,31/12/2099,TAR0016,1506708,15
0001,Tabela de frete (0001 - Kamer),01/03/2022,31/12/2099,TAR0016,1506609,15
0001,Tabela de frete (0001 - Kamer),01/03/2022,31/12/2099,TAR0016,1506583,15
0001,Tabela de frete (0001 - Kamer),01/03/2022,31/12/2099,TAR0016,1506559,15
0001,Tabela de frete (0001 - Kamer),01/03/2022,31/12/2099,TAR0016,1506351,15
0001,Tabela de frete (0001 - Kamer),01/03/2022,31/12/2099,TAR0016,1506203,15
0001,Tabela de frete (0001 - Kamer),01/03/2022,31/12/2099,TAR0016,1506187,15
0001,Tabela de frete (0001 - Kamer),01/03/2022,31/12/2099,TAR0016,1506161,15
0001,Tabela de frete (0001 - Kamer),01/03/2022,31/12/2099,TAR0016,1506138,15
0001,Tabela de frete (0001 - Kamer),01/03/2022,31/12/2099,TAR0016,1506112,15
0001,Tabela de frete (0001 - Kamer),01/03/2022,31/12/2099,TAR0016,1506104,15
0001,Tabela de frete (0001 - Kamer),01/03/2022,31/12/2099,TAR0016,1505635,15
0001,Tabela de frete (0001 - Kamer),01/03/2022,31/12/2099,TAR0016,1505601,15
0001,Tabela de frete (0001 - Kamer),01/03/2022,31/12/2099,TAR0016,1505551,15
0001,Tabela de frete (0001 - Kamer),01/03/2022,31/12/2099,TAR0016,1505536,15
0001,Tabela de frete (0001 - Kamer),01/03/2022,31/12/2099,TAR0016,1505502,15
0001,Tabela de frete (0001 - Kamer),01/03/2022,31/12/2099,TAR0016,1505494,15
0001,Tabela de frete (0001 - Kamer),01/03/2022,31/12/2099,TAR0016,1505486,15
0001,Tabela de frete (0001 - Kamer),01/03/2022,31/12/2099,TAR0016,1505437,15
0001,Tabela de frete (0001 - Kamer),01/03/2022,31/12/2099,TAR0016,1505403,15
0001,Tabela de frete (0001 - Kamer),01/03/2022,31/12/2099,TAR0016,1505064,15
0001,Tabela de frete (0001 - Kamer),01/03/2022,31/12/2099,TAR0016,1505007,15
0001,Tabela de frete (0001 - Kamer),01/03/2022,31/12/2099,TAR0016,1504976,15
0001,Tabela de frete (0001 - Kamer),01/03/2022,31/12/2099,TAR0016,1504950,15
0001,Tabela de frete (0001 - Kamer),01/03/2022,31/12/2099,TAR0016,1504752,15
0001,Tabela de frete (0001 - Kamer),01/03/2022,31/12/2099,TAR0016,1504703,15
0001,Tabela de frete (0001 - Kamer),01/03/2022,31/12/2099,TAR0016,1504455,15
0001,Tabela de frete (0001 - Kamer),01/03/2022,31/12/2099,TAR0016,1504422,15
0001,Tabela de frete (0001 - Kamer),01/03/2022,31/12/2099,TAR0016,1504406,15
0001,Tabela de frete (0001 - Kamer),01/03/2022,31/12/2099,TAR0016,1504307,15
0001,Tabela de frete (0001 - Kamer),01/03/2022,31/12/2099,TAR0016,1504208,15
0001,Tabela de frete (0001 - Kamer),01/03/2022,31/12/2099,TAR0016,1504109,15
0001,Tabela de frete (0001 - Kamer),01/03/2022,31/12/2099,TAR0016,1504059,15
0001,Tabela de frete (0001 - Kamer),01/03/2022,31/12/2099,TAR0016,1100346,15
0001,Tabela de frete (0001 - Kamer),01/03/2022,31/12/2099,TAR0016,1100403,15
0001,Tabela de frete (0001 - Kamer),01/03/2022,31/12/2099,TAR0016,1100015,15
0001,Tabela de frete (0001 - Kamer),01/03/2022,31/12/2099,TAR0016,1100379,15
0001,Tabela de frete (0001 - Kamer),01/03/2022,31/12/2099,TAR0017,1100205,14
0001,Tabela de frete (0001 - Kamer),01/03/2022,31/12/2099,TAR0018,1508159,12
0001,Tabela de frete (0001 - Kamer),01/03/2022,31/12/2099,TAR0018,1508050,12
0001,Tabela de frete (0001 - Kamer),01/03/2022,31/12/2099,TAR0018,1507979,12
0001,Tabela de frete (0001 - Kamer),01/03/2022,31/12/2099,TAR0018,1507904,12
0001,Tabela de frete (0001 - Kamer),01/03/2022,31/12/2099,TAR0018,1507706,12
0001,Tabela de frete (0001 - Kamer),01/03/2022,31/12/2099,TAR0018,1506807,12
0001,Tabela de frete (0001 - Kamer),01/03/2022,31/12/2099,TAR0018,1506401,12
0001,Tabela de frete (0001 - Kamer),01/03/2022,31/12/2099,TAR0018,1506302,12
0001,Tabela de frete (0001 - Kamer),01/03/2022,31/12/2099,TAR0018,1506195,12
0001,Tabela de frete (0001 - Kamer),01/03/2022,31/12/2099,TAR0018,1506005,12
0001,Tabela de frete (0001 - Kamer),01/03/2022,31/12/2099,TAR0018,1505908,12
0001,Tabela de frete (0001 - Kamer),01/03/2022,31/12/2099,TAR0018,1505809,12
0001,Tabela de frete (0001 - Kamer),01/03/2022,31/12/2099,TAR0018,1505700,12
0001,Tabela de frete (0001 - Kamer),01/03/2022,31/12/2099,TAR0018,1505650,12
0001,Tabela de frete (0001 - Kamer),01/03/2022,31/12/2099,TAR0018,1505304,12
0001,Tabela de frete (0001 - Kamer),01/03/2022,31/12/2099,TAR0018,1505205,12
0001,Tabela de frete (0001 - Kamer),01/03/2022,31/12/2099,TAR0018,1505106,12
0001,Tabela de frete (0001 - Kamer),01/03/2022,31/12/2099,TAR0018,1505031,12
0001,Tabela de frete (0001 - Kamer),01/03/2022,31/12/2099,TAR0018,1504901,12
0001,Tabela de frete (0001 - Kamer),01/03/2022,31/12/2099,TAR0018,1504802,12
0001,Tabela de frete (0001 - Kamer),01/03/2022,31/12/2099,TAR0018,1504604,12
0001,Tabela de frete (0001 - Kamer),01/03/2022,31/12/2099,TAR0018,1504505,12
0001,Tabela de frete (0001 - Kamer),01/03/2022,31/12/2099,TAR0018,1504000,12
0001,Tabela de frete (0001 - Kamer),01/03/2022,31/12/2099,TAR0018,1503903,12
0001,Tabela de frete (0001 - Kamer),01/03/2022,31/12/2099,TAR0018,1503754,12
0001,Tabela de frete (0001 - Kamer),01/03/2022,31/12/2099,TAR0018,1503606,12
0001,Tabela de frete (0001 - Kamer),01/03/2022,31/12/2099,TAR0018,1503101,12
0001,Tabela de frete (0001 - Kamer),01/03/2022,31/12/2099,TAR0018,1503002,12
0001,Tabela de frete (0001 - Kamer),01/03/2022,31/12/2099,TAR0018,1502855,12
0001,Tabela de frete (0001 - Kamer),01/03/2022,31/12/2099,TAR0018,1502806,12
0001,Tabela de frete (0001 - Kamer),01/03/2022,31/12/2099,TAR0018,1502608,12
0001,Tabela de frete (0001 - Kamer),01/03/2022,31/12/2099,TAR0018,1502509,12
0001,Tabela de frete (0001 - Kamer),01/03/2022,31/12/2099,TAR0018,1502103,12
0001,Tabela de frete (0001 - Kamer),01/03/2022,31/12/2099,TAR0018,1502004,12
0001,Tabela de frete (0001 - Kamer),01/03/2022,31/12/2099,TAR0018,1501956,12
0001,Tabela de frete (0001 - Kamer),01/03/2022,31/12/2099,TAR0018,1501808,12
0001,Tabela de frete (0001 - Kamer),01/03/2022,31/12/2099,TAR0018,1501253,12
0001,Tabela de frete (0001 - Kamer),01/03/2022,31/12/2099,TAR0018,1501204,12
0001,Tabela de frete (0001 - Kamer),01/03/2022,31/12/2099,TAR0018,1501105,12
0001,Tabela de frete (0001 - Kamer),01/03/2022,31/12/2099,TAR0018,1501006,12
0001,Tabela de frete (0001 - Kamer),01/03/2022,31/12/2099,TAR0018,1500701,12
0001,Tabela de frete (0001 - Kamer),01/03/2022,31/12/2099,TAR0018,1500503,12
0001,Tabela de frete (0001 - Kamer),01/03/2022,31/12/2099,TAR0018,1500404,12
0001,Tabela de frete (0001 - Kamer),01/03/2022,31/12/2099,TAR0018,1500305,12
0001,Tabela de frete (0001 - Kamer),01/03/2022,31/12/2099,TAR0019,1700400,23
0001,Tabela de frete (0001 - Kamer),01/03/2022,31/12/2099,TAR0019,1700350,23
0001,Tabela de frete (0001 - Kamer),01/03/2022,31/12/2099,TAR0019,1700301,23
0001,Tabela de frete (0001 - Kamer),01/03/2022,31/12/2099,TAR0019,1700251,23
0001,Tabela de frete (0001 - Kamer),01/03/2022,31/12/2099,TAR0020,1721000,20
0001,Tabela de frete (0001 - Kamer),01/03/2022,31/12/2099,TAR0021,1100304,8
0001,Tabela de frete (0001 - Kamer),01/03/2022,31/12/2099,TAR0021,1101807,8
0001,Tabela de frete (0001 - Kamer),01/03/2022,31/12/2099,TAR0021,1101757,8
0001,Tabela de frete (0001 - Kamer),01/03/2022,31/12/2099,TAR0021,1101708,8
0001,Tabela de frete (0001 - Kamer),01/03/2022,31/12/2099,TAR0021,1101609,8
0001,Tabela de frete (0001 - Kamer),01/03/2022,31/12/2099,TAR0021,1101559,8
0001,Tabela de frete (0001 - Kamer),01/03/2022,31/12/2099,TAR0021,1101500,8
0001,Tabela de frete (0001 - Kamer),01/03/2022,31/12/2099,TAR0021,1100320,8
0001,Tabela de frete (0001 - Kamer),01/03/2022,31/12/2099,TAR0021,1101492,8
0001,Tabela de frete (0001 - Kamer),01/03/2022,31/12/2099,TAR0021,1101484,8
0001,Tabela de frete (0001 - Kamer),01/03/2022,31/12/2099,TAR0021,1100296,8
0001,Tabela de frete (0001 - Kamer),01/03/2022,31/12/2099,TAR0021,1100288,8
0001,Tabela de frete (0001 - Kamer),01/03/2022,31/12/2099,TAR0021,1100262,8
0001,Tabela de frete (0001 - Kamer),01/03/2022,31/12/2099,TAR0021,1101476,8
0001,Tabela de frete (0001 - Kamer),01/03/2022,31/12/2099,TAR0021,1100254,8
0001,Tabela de frete (0001 - Kamer),01/03/2022,31/12/2099,TAR0021,1101468,8
0001,Tabela de frete (0001 - Kamer),01/03/2022,31/12/2099,TAR0021,1100189,8
0001,Tabela de frete (0001 - Kamer),01/03/2022,31/12/2099,TAR0021,1101450,8
0001,Tabela de frete (0001 - Kamer),01/03/2022,31/12/2099,TAR0021,1100155,8
0001,Tabela de frete (0001 - Kamer),01/03/2022,31/12/2099,TAR0021,1100502,8
0001,Tabela de frete (0001 - Kamer),01/03/2022,31/12/2099,TAR0021,1101435,8
0001,Tabela de frete (0001 - Kamer),01/03/2022,31/12/2099,TAR0021,1100338,8
0001,Tabela de frete (0001 - Kamer),01/03/2022,31/12/2099,TAR0021,1100148,8
0001,Tabela de frete (0001 - Kamer),01/03/2022,31/12/2099,TAR0021,1101401,8
0001,Tabela de frete (0001 - Kamer),01/03/2022,31/12/2099,TAR0021,1101302,8
0001,Tabela de frete (0001 - Kamer),01/03/2022,31/12/2099,TAR0021,1101203,8
0001,Tabela de frete (0001 - Kamer),01/03/2022,31/12/2099,TAR0021,1100130,8
0001,Tabela de frete (0001 - Kamer),01/03/2022,31/12/2099,TAR0021,1100122,8
0001,Tabela de frete (0001 - Kamer),01/03/2022,31/12/2099,TAR0021,1100114,8
0001,Tabela de frete (0001 - Kamer),01/03/2022,31/12/2099,TAR0021,1101104,8
0001,Tabela de frete (0001 - Kamer),01/03/2022,31/12/2099,TAR0021,1100106,8
0001,Tabela de frete (0001 - Kamer),01/03/2022,31/12/2099,TAR0021,1101005,8
0001,Tabela de frete (0001 - Kamer),01/03/2022,31/12/2099,TAR0021,1100940,8
0001,Tabela de frete (0001 - Kamer),01/03/2022,31/12/2099,TAR0021,1100080,8
0001,Tabela de frete (0001 - Kamer),01/03/2022,31/12/2099,TAR0021,1100072,8
0001,Tabela de frete (0001 - Kamer),01/03/2022,31/12/2099,TAR0021,1100064,8
0001,Tabela de frete (0001 - Kamer),01/03/2022,31/12/2099,TAR0021,1100924,8
0001,Tabela de frete (0001 - Kamer),01/03/2022,31/12/2099,TAR0021,1100056,8
0001,Tabela de frete (0001 - Kamer),01/03/2022,31/12/2099,TAR0021,1100908,8
0001,Tabela de frete (0001 - Kamer),01/03/2022,31/12/2099,TAR0021,1100809,8
0001,Tabela de frete (0001 - Kamer),01/03/2022,31/12/2099,TAR0021,1100700,8
0001,Tabela de frete (0001 - Kamer),01/03/2022,31/12/2099,TAR0021,1100049,8
0001,Tabela de frete (0001 - Kamer),01/03/2022,31/12/2099,TAR0021,1100601,8
0001,Tabela de frete (0001 - Kamer),01/03/2022,31/12/2099,TAR0021,1100031,8
0001,Tabela de frete (0001 - Kamer),01/03/2022,31/12/2099,TAR0021,1100452,8
0001,Tabela de frete (0001 - Kamer),01/03/2022,31/12/2099,TAR0021,1100023,8
0001,Tabela de frete (0001 - Kamer),01/03/2022,31/12/2099,TAR0021,1710904,8
0001,Tabela de frete (0001 - Kamer),01/03/2022,31/12/2099,TAR0021,1710706,8
0001,Tabela de frete (0001 - Kamer),01/03/2022,31/12/2099,TAR0021,1710508,8
0001,Tabela de frete (0001 - Kamer),01/03/2022,31/12/2099,TAR0021,1709807,8
0001,Tabela de frete (0001 - Kamer),01/03/2022,31/12/2099,TAR0021,1709500,8
0001,Tabela de frete (0001 - Kamer),01/03/2022,31/12/2099,TAR0021,1709302,8
0001,Tabela de frete (0001 - Kamer),01/03/2022,31/12/2099,TAR0021,1709005,8
0001,Tabela de frete (0001 - Kamer),01/03/2022,31/12/2099,TAR0021,1708304,8
0001,Tabela de frete (0001 - Kamer),01/03/2022,31/12/2099,TAR0021,1708205,8
0001,Tabela de frete (0001 - Kamer),01/03/2022,31/12/2099,TAR0021,1707702,8
0001,Tabela de frete (0001 - Kamer),01/03/2022,31/12/2099,TAR0021,1707652,8
0001,Tabela de frete (0001 - Kamer),01/03/2022,31/12/2099,TAR0021,1707553,8
0001,Tabela de frete (0001 - Kamer),01/03/2022,31/12/2099,TAR0021,1707405,8
0001,Tabela de frete (0001 - Kamer),01/03/2022,31/12/2099,TAR0021,1707306,8
0001,Tabela de frete (0001 - Kamer),01/03/2022,31/12/2099,TAR0021,1707207,8
0001,Tabela de frete (0001 - Kamer),01/03/2022,31/12/2099,TAR0021,1707108,8
0001,Tabela de frete (0001 - Kamer),01/03/2022,31/12/2099,TAR0021,1707009,8
0001,Tabela de frete (0001 - Kamer),01/03/2022,31/12/2099,TAR0021,1706506,8
0001,Tabela de frete (0001 - Kamer),01/03/2022,31/12/2099,TAR0021,1706258,8
0001,Tabela de frete (0001 - Kamer),01/03/2022,31/12/2099,TAR0021,1706100,8
0001,Tabela de frete (0001 - Kamer),01/03/2022,31/12/2099,TAR0021,1705607,8
0001,Tabela de frete (0001 - Kamer),01/03/2022,31/12/2099,TAR0021,1705557,8
0001,Tabela de frete (0001 - Kamer),01/03/2022,31/12/2099,TAR0021,1716703,8
0001,Tabela de frete (0001 - Kamer),01/03/2022,31/12/2099,TAR0021,1705508,8
0001,Tabela de frete (0001 - Kamer),01/03/2022,31/12/2099,TAR0021,1705102,8
0001,Tabela de frete (0001 - Kamer),01/03/2022,31/12/2099,TAR0021,1704600,8
0001,Tabela de frete (0001 - Kamer),01/03/2022,31/12/2099,TAR0021,1704105,8
0001,Tabela de frete (0001 - Kamer),01/03/2022,31/12/2099,TAR0021,1703909,8
0001,Tabela de frete (0001 - Kamer),01/03/2022,31/12/2099,TAR0021,1703891,8
0001,Tabela de frete (0001 - Kamer),01/03/2022,31/12/2099,TAR0021,1703883,8
0001,Tabela de frete (0001 - Kamer),01/03/2022,31/12/2099,TAR0021,1703867,8
0001,Tabela de frete (0001 - Kamer),01/03/2022,31/12/2099,TAR0021,1703842,8
0001,Tabela de frete (0001 - Kamer),01/03/2022,31/12/2099,TAR0021,1703826,8
0001,Tabela de frete (0001 - Kamer),01/03/2022,31/12/2099,TAR0021,1703800,8
0001,Tabela de frete (0001 - Kamer),01/03/2022,31/12/2099,TAR0021,1703701,8
0001,Tabela de frete (0001 - Kamer),01/03/2022,31/12/2099,TAR0021,1703602,8
0001,Tabela de frete (0001 - Kamer),01/03/2022,31/12/2099,TAR0021,1703305,8
0001,Tabela de frete (0001 - Kamer),01/03/2022,31/12/2099,TAR0021,1703206,8
0001,Tabela de frete (0001 - Kamer),01/03/2022,31/12/2099,TAR0021,1703107,8
0001,Tabela de frete (0001 - Kamer),01/03/2022,31/12/2099,TAR0021,1703073,8
0001,Tabela de frete (0001 - Kamer),01/03/2022,31/12/2099,TAR0021,1703057,8
0001,Tabela de frete (0001 - Kamer),01/03/2022,31/12/2099,TAR0021,1703008,8
0001,Tabela de frete (0001 - Kamer),01/03/2022,31/12/2099,TAR0021,1702901,8
0001,Tabela de frete (0001 - Kamer),01/03/2022,31/12/2099,TAR0021,1702703,8
0001,Tabela de frete (0001 - Kamer),01/03/2022,31/12/2099,TAR0021,1702554,8
0001,Tabela de frete (0001 - Kamer),01/03/2022,31/12/2099,TAR0021,1702406,8
0001,Tabela de frete (0001 - Kamer),01/03/2022,31/12/2099,TAR0021,1702307,8
0001,Tabela de frete (0001 - Kamer),01/03/2022,31/12/2099,TAR0021,1702208,8
0001,Tabela de frete (0001 - Kamer),01/03/2022,31/12/2099,TAR0021,1702158,8
0001,Tabela de frete (0001 - Kamer),01/03/2022,31/12/2099,TAR0021,1702109,8
0001,Tabela de frete (0001 - Kamer),01/03/2022,31/12/2099,TAR0021,1702000,8
0001,Tabela de frete (0001 - Kamer),01/03/2022,31/12/2099,TAR0021,1701903,8
0001,Tabela de frete (0001 - Kamer),01/03/2022,31/12/2099,TAR0021,1701309,8
0001,Tabela de frete (0001 - Kamer),01/03/2022,31/12/2099,TAR0021,1701101,8
0001,Tabela de frete (0001 - Kamer),01/03/2022,31/12/2099,TAR0021,1701051,8
0001,Tabela de frete (0001 - Kamer),01/03/2022,31/12/2099,TAR0021,1701002,8
0001,Tabela de frete (0001 - Kamer),01/03/2022,31/12/2099,TAR0021,1700707,8
0001,Tabela de frete (0001 - Kamer),01/03/2022,31/12/2099,TAR0021,1720150,8
0001,Tabela de frete (0001 - Kamer),01/03/2022,31/12/2099,TAR0021,1720101,8
0001,Tabela de frete (0001 - Kamer),01/03/2022,31/12/2099,TAR0021,1720002,8
0001,Tabela de frete (0001 - Kamer),01/03/2022,31/12/2099,TAR0021,1719004,8
0001,Tabela de frete (0001 - Kamer),01/03/2022,31/12/2099,TAR0021,1718907,8
0001,Tabela de frete (0001 - Kamer),01/03/2022,31/12/2099,TAR0021,1718899,8
0001,Tabela de frete (0001 - Kamer),01/03/2022,31/12/2099,TAR0021,1718881,8
0001,Tabela de frete (0001 - Kamer),01/03/2022,31/12/2099,TAR0021,1718865,8
0001,Tabela de frete (0001 - Kamer),01/03/2022,31/12/2099,TAR0021,1718840,8
0001,Tabela de frete (0001 - Kamer),01/03/2022,31/12/2099,TAR0021,1718808,8
0001,Tabela de frete (0001 - Kamer),01/03/2022,31/12/2099,TAR0021,1718758,8
0001,Tabela de frete (0001 - Kamer),01/03/2022,31/12/2099,TAR0021,1718709,8
0001,Tabela de frete (0001 - Kamer),01/03/2022,31/12/2099,TAR0021,1718659,8
0001,Tabela de frete (0001 - Kamer),01/03/2022,31/12/2099,TAR0021,1718550,8
0001,Tabela de frete (0001 - Kamer),01/03/2022,31/12/2099,TAR0021,1718501,8
0001,Tabela de frete (0001 - Kamer),01/03/2022,31/12/2099,TAR0021,1718451,8
0001,Tabela de frete (0001 - Kamer),01/03/2022,31/12/2099,TAR0021,1718402,8
0001,Tabela de frete (0001 - Kamer),01/03/2022,31/12/2099,TAR0021,1718303,8
0001,Tabela de frete (0001 - Kamer),01/03/2022,31/12/2099,TAR0021,1718204,8
0001,Tabela de frete (0001 - Kamer),01/03/2022,31/12/2099,TAR0021,1718006,8
0001,Tabela de frete (0001 - Kamer),01/03/2022,31/12/2099,TAR0021,1717909,8
0001,Tabela de frete (0001 - Kamer),01/03/2022,31/12/2099,TAR0021,1717800,8
0001,Tabela de frete (0001 - Kamer),01/03/2022,31/12/2099,TAR0021,1717503,8
0001,Tabela de frete (0001 - Kamer),01/03/2022,31/12/2099,TAR0021,1717206,8
0001,Tabela de frete (0001 - Kamer),01/03/2022,31/12/2099,TAR0021,1717008,8
0001,Tabela de frete (0001 - Kamer),01/03/2022,31/12/2099,TAR0021,1716653,8
0001,Tabela de frete (0001 - Kamer),01/03/2022,31/12/2099,TAR0021,1716604,8
0001,Tabela de frete (0001 - Kamer),01/03/2022,31/12/2099,TAR0021,1716505,8
0001,Tabela de frete (0001 - Kamer),01/03/2022,31/12/2099,TAR0021,1716307,8
0001,Tabela de frete (0001 - Kamer),01/03/2022,31/12/2099,TAR0021,1716208,8
0001,Tabela de frete (0001 - Kamer),01/03/2022,31/12/2099,TAR0021,1716109,8
0001,Tabela de frete (0001 - Kamer),01/03/2022,31/12/2099,TAR0021,1715754,8
0001,Tabela de frete (0001 - Kamer),01/03/2022,31/12/2099,TAR0021,1715705,8
0001,Tabela de frete (0001 - Kamer),01/03/2022,31/12/2099,TAR0021,1715507,8
0001,Tabela de frete (0001 - Kamer),01/03/2022,31/12/2099,TAR0021,1715259,8
0001,Tabela de frete (0001 - Kamer),01/03/2022,31/12/2099,TAR0021,1715150,8
0001,Tabela de frete (0001 - Kamer),01/03/2022,31/12/2099,TAR0021,1715101,8
0001,Tabela de frete (0001 - Kamer),01/03/2022,31/12/2099,TAR0021,1715002,8
0001,Tabela de frete (0001 - Kamer),01/03/2022,31/12/2099,TAR0021,1714880,8
0001,Tabela de frete (0001 - Kamer),01/03/2022,31/12/2099,TAR0021,1714302,8
0001,Tabela de frete (0001 - Kamer),01/03/2022,31/12/2099,TAR0021,1714203,8
0001,Tabela de frete (0001 - Kamer),01/03/2022,31/12/2099,TAR0021,1713957,8
0001,Tabela de frete (0001 - Kamer),01/03/2022,31/12/2099,TAR0021,1713809,8
0001,Tabela de frete (0001 - Kamer),01/03/2022,31/12/2099,TAR0021,1713700,8
0001,Tabela de frete (0001 - Kamer),01/03/2022,31/12/2099,TAR0021,1713601,8
0001,Tabela de frete (0001 - Kamer),01/03/2022,31/12/2099,TAR0021,1713304,8
0001,Tabela de frete (0001 - Kamer),01/03/2022,31/12/2099,TAR0021,1713205,8
0001,Tabela de frete (0001 - Kamer),01/03/2022,31/12/2099,TAR0021,1712801,8
0001,Tabela de frete (0001 - Kamer),01/03/2022,31/12/2099,TAR0021,1712702,8
0001,Tabela de frete (0001 - Kamer),01/03/2022,31/12/2099,TAR0021,1712504,8
0001,Tabela de frete (0001 - Kamer),01/03/2022,31/12/2099,TAR0021,1712454,8
0001,Tabela de frete (0001 - Kamer),01/03/2022,31/12/2099,TAR0021,1712405,8
0001,Tabela de frete (0001 - Kamer),01/03/2022,31/12/2099,TAR0021,1712157,8
0001,Tabela de frete (0001 - Kamer),01/03/2022,31/12/2099,TAR0021,1712009,8
0001,Tabela de frete (0001 - Kamer),01/03/2022,31/12/2099,TAR0021,1711951,8
0001,Tabela de frete (0001 - Kamer),01/03/2022,31/12/2099,TAR0021,1711902,8
0001,Tabela de frete (0001 - Kamer),01/03/2022,31/12/2099,TAR0021,1711803,8
0001,Tabela de frete (0001 - Kamer),01/03/2022,31/12/2099,TAR0021,1711506,8
0001,Tabela de frete (0001 - Kamer),01/03/2022,31/12/2099,TAR0021,1711100,8
0001,Tabela de frete (0001 - Kamer),01/03/2022,31/12/2099,TAR0021,1722107,8
0001,Tabela de frete (0001 - Kamer),01/03/2022,31/12/2099,TAR0021,1722107,8
0001,Tabela de frete (0001 - Kamer),01/03/2022,31/12/2099,TAR0021,1722081,8
0001,Tabela de frete (0001 - Kamer),01/03/2022,31/12/2099,TAR0021,1721307,8
0001,Tabela de frete (0001 - Kamer),01/03/2022,31/12/2099,TAR0021,1721257,8
0001,Tabela de frete (0001 - Kamer),01/03/2022,31/12/2099,TAR0021,1721208,8
0001,Tabela de frete (0001 - Kamer),01/03/2022,31/12/2099,TAR0021,1721109,8
0001,Tabela de frete (0001 - Kamer),01/03/2022,31/12/2099,TAR0021,1720978,8
0001,Tabela de frete (0001 - Kamer),01/03/2022,31/12/2099,TAR0021,1720937,8
0001,Tabela de frete (0001 - Kamer),01/03/2022,31/12/2099,TAR0021,1720903,8
0001,Tabela de frete (0001 - Kamer),01/03/2022,31/12/2099,TAR0021,1720853,8
0001,Tabela de frete (0001 - Kamer),01/03/2022,31/12/2099,TAR0021,1720804,8
0001,Tabela de frete (0001 - Kamer),01/03/2022,31/12/2099,TAR0021,1720655,8
0001,Tabela de frete (0001 - Kamer),01/03/2022,31/12/2099,TAR0021,1720309,8
0001,Tabela de frete (0001 - Kamer),01/03/2022,31/12/2099,TAR0021,1720259,8
0001,Tabela de frete (0001 - Kamer),01/03/2022,31/12/2099,TAR0021,1720200,8
